console,game,rank,publisher,critic_score,units_sold,release_date
GB,Tetris,1,Nintendo,,35000000.0,1989-07-31
GB,Pokémon Red / Green / Blue Version,2,Nintendo,9.4,31380000.0,1998-09-30
GB,Pokémon Gold / Silver Version,3,Nintendo,9.2,23100000.0,2000-10-14
GB,Super Mario Land,4,Nintendo,,18140000.0,1989-08-01
GB,Pokémon Yellow: Special Pikachu Edition,5,Nintendo,8.7,14640000.0,1999-10-19
GB,Super Mario Land 2: 6 Golden Coins,6,Nintendo,9.0,11180000.0,1992-11-02
GB,Dr. Mario,7,Nintendo,,5340000.0,1990-12-01
GB,Super Mario Land 3: Wario Land,8,Nintendo,7.9,5190000.0,1994-02-09
GB,Kirby's Dream Land,9,Nintendo,,5130000.0,1992-08-01
GB,Super Mario Bros. Deluxe,10,Nintendo,9.7,5070000.0,1999-04-30
GB,Donkey Kong Land,11,Nintendo,,3910000.0,1995-07-26
GB,The Legend of Zelda: Link's Awakening,12,Nintendo,,3830000.0,1993-08-01
GB,Pokémon Trading Card Game,13,Nintendo,8.3,3720000.0,2000-04-10
GB,F-1 Race,14,Nintendo,,3410000.0,1991-02-01
GB,Yoshi,15,Nintendo,,3120000.0,1992-07-01
GB,Donkey Kong,16,Nintendo,,3070000.0,1994-06-01
GB,Kirby's Dream Land 2,17,Nintendo,,2360000.0,1995-05-01
GB,Dragon Quest Monsters,18,Eidos Interactive,,2350000.0,1999-12-31
GB,Donkey Kong Land 2,19,Nintendo,,2350000.0,1996-09-01
GB,Wario Land 3,20,Nintendo,,2200000.0,2000-05-01
GB,Kirby's Pinball Land,21,Nintendo,,2190000.0,1993-11-28
GB,Yu-Gi-Oh: Duel Monsters 4,22,Konami,,2180000.0,2000-12-07
GB,Golf,23,Nintendo,,2120000.0,1990-02-01
GB,Tennis,24,Nintendo,,1990000.0,1989-08-01
GB,Alleyway,25,Nintendo,,1940000.0,1989-08-01
GB,Harry Potter and the Sorcerer's Stone,26,Electronic Arts,,,2001-11-21
GB,Metroid II: Return of Samus,27,Nintendo,7.3,1720000.0,1991-08-26
GB,Yu-Gi-Oh! Duel Monsters,28,Konami,,1610000.0,1998-12-16
GB,Baseball,29,Nintendo,,1610000.0,1989-08-01
GB,Dragon Quest Monsters 2: Cobi's Journey,30,Enix,,1600000.0,2001-09-15
GB,Yoshi's Cookie,31,Nintendo,,1530000.0,1993-01-01
GB,Wario Land II,32,Nintendo,,1480000.0,1998-03-02
GB,Game de Hakken!! Tamagotchi 2,33,Bandai,,,1997-10-17
GB,Tamagotchi,34,Bandai,,,1997-06-26
GB,Disney's DuckTales,35,Capcom,,1430000.0,1990-11-01
GB,The Final Fantasy Legend,36,Square,6.0,1370000.0,1990-09-01
GB,Tony Hawk's Pro Skater,37,Activision,7.1,,2000-02-29
GB,Yakuman,38,Nintendo,,1280000.0,1989-04-21
GB,Tetris 2,39,Nintendo,,1240000.0,1993-01-01
GB,Kirby Tilt 'n' Tumble,40,Nintendo,,1230000.0,2001-04-11
GB,Game & Watch Gallery 3,41,Nintendo,,1220000.0,1999-04-16
GB,Game & Watch Gallery 2,42,Nintendo,,1220000.0,1998-06-15
GB,SolarStriker,43,Nintendo,,1200000.0,1990-01-01
GB,Mario Tennis,44,Nintendo,,1180000.0,2001-01-16
GB,Qix,45,Nintendo,,1150000.0,1990-05-01
GB,Super R.C. Pro-Am,46,Nintendo,,1140000.0,1991-10-01
GB,Yu-Gi-Oh! Duel Monsters II: Dark Duel Stories,47,Konami,,1100000.0,1999-07-08
GB,Donkey Kong Land III,48,Nintendo,,1030000.0,1997-09-01
GB,Mega Man II,49,Capcom,,1000000.0,1992-01-29
GB,Mega Man: Dr. Wily's Revenge,50,Capcom,,1000000.0,1991-12-01
GB,Game & Watch Gallery,51,Nintendo,,1000000.0,1997-05-01
GB,Pokémon Card GB2: GRdan Sanjou,52,Nintendo,,,2001-03-28
GB,Yu-Gi-Oh! Dark Duel Stories,53,Konami,6.2,,2002-03-18
GB,Dragon Quest III,54,Enix,,,2001-07-16
GB,Dragon Warrior I&II,55,Enix,,,2000-09-27
GB,Final Fantasy Legend III,56,Square,7.0,,1993-09-29
GB,Yoshi,57,Nintendo,,,1992-07-01
GB,Mario's Picross,58,Nintendo,,,1995-03-01
GB,Medarot 2: Kabuto / Kuwagata Version,59,Imagineer,,,1999-07-23
GB,Batman,60,Sunsoft,,500000.0,1990-06-01
GB,Medarot: Kabuto / Kuwagata Version,61,Imagineer,,,1997-11-28
GB,Dragon Warrior Monsters 2: Tara's Adventure,62,Enix,,,2001-09-15
GB,From TV Animation One Piece: Yume no Lufy Kaizokudan Tanjou!,63,Banpresto,,,2001-04-27
GB,Wario Land II (GBC),64,Nintendo,,,1999-03-02
GB,Final Fantasy Adventure,65,Square,9.0,,1991-11-01
GB,Mini-Yonku GB: Let's & Go!!,66,ASCII Entertainment,,,1997-05-23
GB,Picross 2,67,Nintendo,,,1996-10-19
GB,Extra Bases,68,Bandai,,,1991-04-01
GB,Kirby's Block Ball,69,Nintendo,,,1996-05-01
GB,Mario Golf,70,Nintendo,,,1999-10-01
GB,Gameboy Gallery,71,Nintendo,,,1995-04-27
GB,Hamster Tarou,72,Jorudan,,,1999-10-29
GB,Donkey Kong GB: Dinky Kong & Dixie Kong,73,Nintendo,,,2000-01-28
GB,Fushigi no Dungeon: Fuurai no Shiren GB: Tsukikagemura no Kaibutsu,74,ChunSoft,,,1996-11-22
GB,Medarot 3: Kabuto / Kuwagata Version,75,Imagineer,,,2000-07-23
GB,Power Pro Kun Pocket 2,76,Konami,,,2000-03-30
GB,Harvest Moon GB,77,Natsume,,,1998-08-01
GB,Tetris 2 (weekly jp sales),78,Nintendo,,,1993-01-01
GB,Tetris Attack,79,Nintendo,,,1996-08-01
GB,Kirby's Star Stacker,80,Nintendo,,,1997-01-24
GB,Trade & Battle: Card Hero,81,Nintendo,,,2000-02-21
GB,GameBoy Wars,82,Nintendo,,,1991-05-21
GB,Mega Man III,83,Capcom,,,1992-01-01
GB,Power Pro Kun Pocket,84,Konami,,,1999-04-01
GB,Sakura Wars GB,85,Media Factory,,,2000-07-28
GB,Yu-Gi-Oh! Monster Capture GB,86,Konami,,,2000-04-13
GB,Tales of Phantasia: Narikiri Dungeon,87,Namco,,140000.0,2000-11-10
GB,Star Ocean: Blue Sphere,88,Enix,,130000.0,2001-06-28
GB,Mega Man IV,89,Capcom,,,1993-01-01
GB,Harvest Moon 2 GBC,90,Natsume,,,2000-09-11
GB,Medarot 4: Kabuto / Kuwagata Version,91,Imagineer,,,2001-03-23
GB,Mega Man Xtreme,92,Capcom,,,2001-01-11
GB,Mega Man Xtreme 2,93,Capcom,,,2001-10-30
GB,Metal Gear Solid,94,Konami,,,2000-04-24
GB,Power Pro GB,95,Konami,,,1998-03-26
GB,Teenage Mutant Ninja Turtles II: Back from the Sewers,96,Konami,,,1991-12-01
GB,Doraemon Quiz Boy 2,97,Epoch,,,2002-10-04
GB,Sylvanian Families 2: Irozuku Mori no Fantasy,98,Epoch,,,2000-12-22
GB,Love Hina Pocket,99,Marvelous Interactive,,,2000-08-04
GB,Bomberman Collection,100,Hudson Soft,,,1996-07-21
GB,Othello World,101,Unknown,,,1994-09-30
GB,LEGO Alpha Team,102,LEGO Media,,,2000-11-01
GB,Project S-11,103,Sunsoft,,,2000-12-14
GB,Black Forest Tale,104,Sachen,,,1993-01-01
GB,Pipe Dream,105,Bullet Proof Software,,,1990-09-01
GB,Wizardry Gaiden I: Joou no Junan,106,ASCII Entertainment,,,1991-10-01
GB,European Super League,107,Virgin Interactive,,,2001-03-30
GB,Prophecy: The Viking Child,108,GameTek,,,1992-07-01
GB,Skate or Die: Bad 'N Rad,109,Konami,,,1990-09-01
GB,NBA in the Zone 2000,110,Konami,,,2000-04-27
GB,Tesserae,111,GameTek,,,1993-08-01
GB,Road Rash,112,Ocean,,,1996-10-01
GB,Sports Collection,113,Tonkin House,,,1996-09-27
GB,NFL Blitz 2001,114,Midway Games,,,2000-09-12
GB,seaQuest DSV,115,Malibu Games,,,1994-11-01
GB,Super Black Bass,116,Hot-B,,,1998-11-01
GB,Bram Stoker's Dracula,117,Sony Imagesoft,,,1993-09-01
GB,Lemmings & Oh No! More Lemmings,118,Take-Two Interactive,,,2000-12-01
GB,Tetris Blast,119,Nintendo,,,1996-01-01
GB,Bob the Builder: Fix it Fun!,120,THQ,,,2001-09-01
GB,Capcom Quiz: Hatena? no Daibouken,121,Capcom,,,1990-12-21
GB,Dance Dance Revolution GB Disney Mix,122,Konami,,,2001-03-29
GB,Tom & Jerry,123,Hi Tech Expressions,,,1992-10-01
GB,Batman Beyond: Return of the Joker,124,Ubisoft,,,2000-11-20
GB,Chalvo 55,125,Unknown,,,1997-02-21
GB,Marble Madness (GBC),126,Midway Games,,,1999-12-01
GB,Turn and Burn: F-14 Dogfight Simulator,127,Absolute Entertainment,,,1992-05-01
GB,B-Daman Baku Gaiden: Victory e no Michi,128,Media Factory,,,1999-01-29
GB,Chou Majin Eiyuuden Wataru: Mazekko Monster 2,129,Banpresto,,,1998-08-07
GB,Nakayoshi Cooking Series 1: Oishii Cake Okusan,130,MTO,,,2000-12-15
GB,Xerd no Densetsu 2: Xerd!! Gishin no Ryouiki,131,Victory Lap Games,,,1993-02-19
GB,Cool Ball,132,Takara,,,1994-08-01
GB,Hook,133,Sony Imagesoft,,,1992-01-01
GB,M & M's Mini Madness,134,Majesco,,,2000-12-08
GB,World Destruction League: Thunder Tanks,135,3DO,,,2000-12-12
GB,Daiku no Gensan: Robot Teikoku no Yabou,136,Irem Software Engineering,,,1994-03-25
GB,Iron Man / X-O Manowar in Heavy Metal,137,Acclaim Entertainment,,,1996-08-01
GB,Papyrus,138,Ubisoft,,,2000-01-01
GB,Cyborg Kuro-Chan 2: White Woods no Gyakushuu,139,Konami,,,2000-10-19
GB,Dodge Boy,140,Tonkin House,,,1991-12-06
GB,Janshirou 2,141,Sammy Corporation,,,1994-03-18
GB,Dancing Furby,142,Tomy Corporation,,,1999-12-24
GB,Razor Freestyle Scooter,143,Crave Entertainment,,,2001-05-10
GB,Chee-Chai Alien,144,Unknown,,,2001-02-23
GB,Dragon Ball Z: Goku Hishouden,145,Bandai,,,1994-11-25
GB,Jungle Strike,146,Malibu Games,,,1995-06-01
GB,Wayne's World,147,THQ,,,1993-11-01
GB,Perfect Dark,148,Rare,5.3,,2000-08-01
GB,Tech Deck Skateboarding,149,Activision,,,2001-03-25
GB,X,150,Nintendo,,,1992-05-29
GB,Eitango Target 1900,151,Imagineer,,,1996-12-13
GB,Konami GB Collection Vol. 4,152,Konami,,,1998-03-19
GB,Jaguar Mishin Sashi Senyou Soft: Mario Family,153,Jaguar,,,2001-09-10
GB,007: The World is not Enough,154,Electronic Arts,,,2001-09-11
GB,Tom and Jerry: Mouse Hunt,155,Conspiracy Entertainment,,,2001-03-14
GB,Arcade Classic 4: Defender / Joust,156,Nintendo,,,1995-10-01
GB,Nettou Garou Densetsu 2,157,Takara,,,1994-07-29
GB,Lock n' Chase,158,Sunsoft,,,1990-01-02
GB,ATV Racing,159,Datel,,,2001-02-23
GB,Oddworld Adventures 2,160,GT Interactive,,,2000-01-01
GB,Tsuriiko!!,161,ASCII Entertainment,,,2001-07-19
GB,Purikura Pocket: Fukanzen Joshikousei Manual,162,Atlus,,,1997-10-17
GB,Toonsylvania,163,Ubisoft,,,2000-06-01
GB,The Flintstones: King Rock Treasure Island,164,Taito,,,1993-02-01
GB,Marmalade Boy,165,Bandai,,,1995-01-27
GB,Alfred's Adventure,166,SCi,,,2000-09-01
GB,Mahoujin GuruGuru,167,Takuyo,,,1995-04-28
GB,Scooby-Doo! Classic Creep Capers,168,THQ,,,2001-02-20
GB,Pocket Racing,169,Virgin Interactive,,,2000-01-01
GB,Turok 2: Seeds of Evil,170,Acclaim Entertainment,,,1998-12-31
GB,Gakken Rekishi 512,171,Imagineer,,,1998-05-29
GB,Mini-4 Boy,172,J-Wing,,,1996-12-27
GB,Zoids Densetsu,173,Tomy Corporation,,,1990-06-15
GB,Jeremy McGrath Supercross 2000,174,Acclaim Entertainment,,,2000-03-01
GB,Shinseiki Evangelion Mahjong Hokan Keikaku,175,King Records,,,2000-09-29
GB,Disney's Aladdin (GBC),176,Ubisoft,,,2000-11-07
GB,Alien Olympics 2044 AD,177,Ocean,,,1992-01-01
GB,Genjin Collection,178,Hudson Soft,,,1996-11-22
GB,Mr. Chin's Gourmet Paradise,179,Romstar,,,1990-01-02
GB,From TV Animation One Piece: Maboroshi no Grand Line Boukenki!,180,Banpresto,,,2002-06-28
GB,Soukoban Densetsu: Hikari to Yamo no Kuni,181,J-Wing,,,1999-12-25
GB,Shikakei Atama o Kore Kusuru,182,Imagineer,,,1998-06-26
GB,Bonk's Adventure,183,Hudson Soft,,,1992-12-01
GB,Great Greed,184,Namco,,,1993-01-01
GB,Ninja Boy 2,185,Culture Brain,,,1993-04-01
GB,Mahou Kishi Rayearth,186,Tomy Corporation,,,1995-06-02
GB,Super 1 Karting,187,Midas Interactive Entertainment,,,2001-08-03
GB,Pocket Color Mahjong,188,Bottom Up,,,1999-12-22
GB,Batman: Return of the Joker,189,Sunsoft,,,1992-05-01
GB,Higashio Osamu Kanshuu Pro Yakyuu Stadium '91,190,Tokuma Shoten,,,1991-08-09
GB,Qui Qui,191,Mahou,,,1999-03-26
GB,Disney's TaleSpin,192,Capcom,,,1992-12-01
GB,WWF Raw (1994),193,Accolade,,,1994-12-01
GB,Macross 7:Ginger no Heart o Furuwa Sero!!,194,Epoch,,,2000-03-17
GB,Tootuff,195,Infogrames,,,2001-06-15
GB,Battle City,196,Namco,,,1991-08-09
GB,FIFA: Road to World Cup 98,197,THQ,,,1997-01-01
GB,Lunar Lander,198,Pack-In-Video,,,1990-09-21
GB,Army Men: Air Combat,199,3DO,,,2000-11-01
GB,Kotobattle: Tengai no Moribito,200,Alphastar,,,2001-03-09
GB,Tweety's High-Flying Adventure,201,Kemco,,,2000-11-01
GB,Shin SD Gundam Gaiden: Knight Gundam Monogatari,202,Bandai,,,1994-09-09
GB,Zool,203,GameTek,,,1993-01-01
GB,Frank Thomas Big Hurt Baseball,204,Acclaim Entertainment,,,1995-01-01
GB,Kikou Keisatsu Metal Jack,205,Takara,,,1992-01-08
GB,Antz World Sportz,206,LSP Games,,,2001-01-01
GB,Ms. Pac-Man: Special Color Edition,207,Namco,,,1999-11-02
GB,Senkai Ibunroku Juuntsutsumi Taisen,208,Banpresto,,,2000-11-24
GB,Asteroids (GBC),209,Activision,,,1999-09-01
GB,Small Soldiers,210,THQ,,,1998-01-01
GB,Gamera: The Guardian of the Universe,211,Angel Studios,,,1995-03-03
GB,Monopoly,212,Parker Bros.,,,1991-12-01
GB,Zoboomafoo: Playtime in Zobooland,213,Encore,,,2001-10-01
GB,Mary-Kate and Ashley: Winner's Circle,214,Acclaim Entertainment,,,2001-03-02
GB,The Shutokou Racing,215,Pony Canyon,,,1998-12-18
GB,Kininkou Maroku Oni,216,Banpresto,,,1990-12-08
GB,The Amazing Spider-Man 2,217,LJN,,,1992-08-01
GB,Ghostbusters II,218,Activision,,,1990-12-01
GB,Roger Clemens' MVP Baseball,219,LJN,,,1992-09-01
GB,Kaijuu-On Godzilla,220,Bandai,,,1993-12-17
GB,Spacenet: Cosmo Red / Blue,221,Imagineer,,,2001-03-16
GB,Koukou Nyuushideru Jun: Rekishi Nendai Anki Point 240,222,Imagineer,,,1997-09-26
GB,Cyraid,223,Nexoft,,,1991-03-01
GB,Penguin Wars,224,ASCII Entertainment,,,1990-07-02
GB,Front Row,225,KID,,,1999-10-01
GB,720°,226,Midway Games,,,1999-03-01
GB,Super Doll Rika-Chan: Kisekae Taisakusen,227,Unknown,,,2000-10-06
GB,Sanrio Uranai Party,228,Imagineer,,,1997-12-05
GB,Battle of Kingdom,229,Meldac,,,1991-12-13
GB,Home Alone 2: Lost in New York,230,THQ,,,1992-10-01
GB,NBA Jam Tournament Edition,231,Acclaim Entertainment,,,1995-06-01
GB,Metal Walker,232,Capcom,,,2001-02-01
GB,The Powerpuff Girls: Paint the Townsville Green,233,BAM! Entertainment,,,2000-11-01
GB,Medarot 2: Parts Collection,234,Imagineer,,,1999-10-29
GB,Berlitz French Translator,235,GameTek,,,1991-09-01
GB,Pac-Man,236,Namco,,,1991-04-01
GB,Kelly Club: Clubhouse Fun,237,Knowledge Adventure,,,2001-10-31
GB,Titus the Fox (GBC),238,Titus,,,2000-11-01
GB,Bo Jackson's Hit and Run! Baseball and Football,239,THQ,,,1991-06-01
GB,Pocket Bomberman (GBC),240,Hudson Soft,,,1998-12-10
GB,Looney Tunes: Carrot Crazy,241,Infogrames,,,1999-04-01
GB,Record of Lodoss War: Eiyuu Kishiden GB,242,Tomy Corporation,,,1998-12-11
GB,R-Type,243,Irem Software Engineering,,,1991-05-01
GB,Snoopy's Magic Show,244,Kemco,,,1990-10-01
GB,Hercules: The Legendary Journeys,245,Titus,,,2002-04-01
GB,New Ghostbusters II,246,Activision,,,1990-01-01
GB,Rolan's Curse,247,Sammy Corporation,,,1991-01-01
GB,Spot: The Cool Adventure,248,Virgin Interactive,,,1993-01-06
GB,Initial D Gaiden,249,Kodansha,,,1998-03-06
GB,The Sword of Hope,250,Seika,,,1991-06-01
GBA,Pokémon Ruby / Sapphire Version,1,Nintendo,8.8,16219999.999999998,2003-03-17
GBA,Pokémon FireRed / LeafGreen Version,2,Nintendo,8.3,12000000.0,2004-09-07
GBA,Pokémon Emerald Version,3,Nintendo,7.7,7060000.0,2005-04-30
GBA,Mario Kart: Super Circuit,4,Nintendo,9.3,5910000.0,2001-08-26
GBA,Super Mario World: Super Mario Advance 2,5,Nintendo,9.4,5690000.0,2002-02-09
GBA,Super Mario Advance,6,Nintendo,8.2,5570000.0,2001-06-10
GBA,Super Mario Advance 4: Super Mario Bros. 3,7,Nintendo,9.2,5430000.0,2003-10-21
GBA,Namco Museum,8,Namco,,,2001-06-10
GBA,Pac-Man Collection,9,Namco,,,2001-07-12
GBA,Yoshi's Island: Super Mario Advance 3,10,Nintendo,,2830000.0,2002-09-24
GBA,Finding Nemo,11,THQ,7.0,,2003-05-10
GBA,The Legend of Zelda: A Link to the Past,12,Nintendo,9.6,2820000.0,2002-12-03
GBA,Frogger's Adventures: Temple of the Frog,13,Konami,6.7,,2001-10-24
GBA,Pokémon Mystery Dungeon: Red Rescue Team,14,Nintendo,,2360000.0,2006-09-18
GBA,Classic NES Series: Super Mario Bros.,15,Nintendo,8.3,2270000.0,2004-06-02
GBA,Sonic Advance,16,Sega,,,2002-02-04
GBA,Spyro: Season of Ice,17,Vivendi Games,,,2001-10-29
GBA,Wario Land 4,18,Nintendo,,2200000.0,2001-11-18
GBA,Mario & Luigi: Superstar Saga,19,Nintendo,8.8,2150000.0,2003-11-17
GBA,Kirby: Nightmare in Dream Land,20,Nintendo,8.1,2100000.0,2002-12-02
GBA,The Incredibles,21,THQ,5.4,,2004-10-31
GBA,Harry Potter and the Chamber of Secrets,22,Electronic Arts,7.2,,2002-11-14
GBA,2 Games in 1: Sonic Advance & ChuChu Rocket!,23,THQ,,,2005-11-11
GBA,Donkey Kong Country,24,Nintendo,7.5,1820000.0,2003-06-09
GBA,Sonic Advance 2,25,Sega,,,2003-03-09
GBA,The Legend of Zelda: The Minish Cap,26,Nintendo,8.9,1760000.0,2005-01-10
GBA,2 Games in 1 Double Pack: The Incredibles / Finding Nemo: The Continuing Adventures,27,THQ,,,2007-02-27
GBA,2 Games in 1: Disney Princess & The Lion King,28,THQ,,,2004-12-01
GBA,Crash Bandicoot: The Huge Adventure,29,Vivendi Games,8.3,,2002-02-25
GBA,Tetris Worlds,30,THQ,,,2001-09-05
GBA,Final Fantasy Tactics Advance,31,Nintendo,,1700000.0,2003-09-08
GBA,Harry Potter and the Sorcerer's Stone,32,Electronic Arts,6.6,,2001-11-15
GBA,Dragon Ball Z: The Legacy of Goku,33,Infogrames,6.5,,2002-05-14
GBA,"Monsters, Inc.",34,THQ,,,2001-10-25
GBA,Golden Sun,35,Nintendo,9.1,1650000.0,2001-11-11
GBA,Kingdom Hearts: Chain of Memories,36,Square Enix,7.4,1600000.0,2004-12-07
GBA,Metroid Fusion,37,Nintendo,9.0,1600000.0,2002-11-17
GBA,Spyro 2: Season of Flame,38,Vivendi Games,,,2002-09-25
GBA,Disney Princess,39,THQ,,,2003-04-04
GBA,Kirby & the Amazing Mirror,40,Nintendo,7.9,1470000.0,2004-10-18
GBA,The SpongeBob SquarePants Movie,41,THQ,,,2004-10-27
GBA,Yu-Gi-Oh! Worldwide Edition: Stairway to the Destined Duel,42,Konami,,1460000.0,2003-04-08
GBA,Classic NES Series: Super Mario Bros.,43,Nintendo,,,2004-06-02
GBA,Sonic Advance 3,44,THQ,,,2004-06-07
GBA,Mario vs. Donkey Kong,45,Nintendo,,1370000.0,2004-05-24
GBA,Pokémon Pinball: Ruby & Sapphire (Old all region sales),46,Nintendo,,1370000.0,2003-08-26
GBA,Crash Bandicoot 2: N-Tranced,47,Vivendi Games,7.5,,2003-01-07
GBA,Mega Man Battle Network 4: Red Sun / Blue Moon,48,Capcom,,1350000.0,2004-06-29
GBA,Spider-Man: The Movie,49,Activision,7.9,,2002-04-16
GBA,The Sims: Bustin' Out,50,Electronic Arts,,,2003-12-02
GBA,Yu-Gi-Oh! The Sacred Cards,51,Konami,,,2003-11-04
GBA,Mega Man Battle Network 3 Blue / White Version,52,Capcom,,,2003-06-24
GBA,Pirates of the Caribbean: The Curse of the Black Pearl,53,TDK Mediactive,,,2003-07-01
GBA,Spongebob Squarepants: Battle for Bikini Bottom,54,THQ,,,2003-10-31
GBA,Yu-Gi-Oh! The Eternal Duelist Soul,55,Konami,,1230000.0,2002-10-15
GBA,Donkey Kong Country 2,56,Nintendo,7.6,,2004-11-15
GBA,Shrek / Shrek 2 2-in-1 Gameboy Advance Video,57,Majesco,,,2007-10-09
GBA,The Simpsons: Road Rage,58,THQ,,,2003-06-30
GBA,SpongeBob SquarePants: Revenge of the Flying Dutchman,59,THQ,,,2002-09-10
GBA,Final Fantasy Tactics Advance,60,Square Enix,8.9,1180000.0,2003-09-08
GBA,Tony Hawk's Pro Skater 2,61,Activision,8.9,,2001-05-30
GBA,Yu-Gi-Oh! The Sacred Cards (American and Others sales),62,Konami,,,2003-11-04
GBA,LEGO Star Wars: The Video Game,63,Eidos Interactive,7.4,,2005-03-29
GBA,Cars,64,THQ,4.5,,2006-06-06
GBA,Pokémon Mystery Dungeon: Red Rescue Team (US weekly sales),65,Nintendo,,,2006-09-18
GBA,Golden Sun: The Lost Age,66,Nintendo,8.3,1120000.0,2003-04-14
GBA,"WarioWare, Inc.: Mega MicroGame$",67,Nintendo,,1100000.0,2003-05-21
GBA,Dragon Ball Z: The Legacy of Goku II,68,Atari,7.6,,2003-06-17
GBA,Dragon Ball Z: Taiketsu,69,Atari,3.8,,2003-11-24
GBA,Disney's Lilo & Stitch,70,Disney Interactive Studios,8.0,,2002-06-07
GBA,Spider-Man 2,71,Activision,7.0,,2004-06-29
GBA,F-Zero: Maximum Velocity,72,Nintendo,8.7,1050000.0,2001-06-12
GBA,Mario Party Advance,73,Nintendo,,,2005-03-28
GBA,Fire Emblem: The Blazing Blade,74,Nintendo,8.8,,2003-11-03
GBA,Final Fantasy I & II: Dawn of Souls,75,Nintendo,7.1,940000.0,2004-11-29
GBA,Monster Trucks / Quad Desert Fury Double Value!,76,Majesco,,,2005-04-25
GBA,2 Games in 1 Double Pack: Finding Nemo / Monsters Inc.,77,THQ,,,2005-06-08
GBA,Teenage Mutant Ninja Turtles,78,Konami,,,2003-10-31
GBA,Madagascar,79,Activision,5.5,,2005-05-23
GBA,Classic NES Series: The Legend of Zelda,80,Nintendo,,,2004-06-02
GBA,Fire Emblem: The Sacred Stones,81,Nintendo,8.4,,2005-05-23
GBA,Metroid: Zero Mission,82,Nintendo,8.9,,2004-02-09
GBA,Lizzie McGuire 2: Lizzie Diaries,83,Disney Interactive Studios,,,2004-10-18
GBA,Secret Agent Barbie: Royal Jewels Mission,84,VU Games,,,2002-10-08
GBA,Rayman Advance,85,Ubisoft,8.4,770000.0,2001-06-10
GBA,Star Wars Episode II: Attack of the Clones,86,THQ,,,2002-05-30
GBA,Donkey Kong Country 3,87,Nintendo,7.5,,2005-11-07
GBA,Mega Man Battle Network 6: Cybeast Falzar / Gregar,88,Capcom,,,2006-06-13
GBA,That's So Raven,89,Buena Vista,,,2004-10-12
GBA,Yu-Gi-Oh! Dungeon Dice Monsters,90,Konami,,,2003-02-12
GBA,The Lord of the Rings: The Two Towers,91,Electronic Arts,,,2002-11-11
GBA,WarioWare: Twisted!,92,Nintendo,,,2005-05-23
GBA,Classic NES Series: Donkey Kong,93,Nintendo,,,2004-06-02
GBA,Beyblade VForce: Ultimate Blader Jam,94,Atari,,,2003-11-18
GBA,Star Wars Episode III: Revenge of the Sith,95,Ubisoft,,,2005-05-04
GBA,Super Monkey Ball Jr.,96,THQ,,,2002-11-19
GBA,Scooby-Doo 2: Monsters Unleashed,97,THQ,,,2004-03-16
GBA,F-14 Tomcat,98,Majesco,6.9,,2001-09-02
GBA,Advance Wars,99,Nintendo,9.4,,2001-09-09
GBA,Classic NES Series: Zelda II: The Adventure of Link,100,Nintendo,6.6,,2004-10-25
GBA,Disney's Chicken Little,101,Buena Vista,7.9,,2005-10-20
GBA,Mario Pinball Land,102,Nintendo,,,2004-10-04
GBA,Shark Tale,103,Activision,,,2004-09-27
GBA,"The Chronicles of Narnia: The Lion, The Witch and The Wardrobe",104,Buena Vista,6.8,,2005-11-14
GBA,Dragon Quest Monsters: Caravan Heart,105,Unknown,,,2003-03-29
GBA,Strawberry Shortcake: Summertime Adventure,106,Majesco,,,2004-11-16
GBA,Shrek: Hassle at the Castle,107,TDK Mediactive,,,2002-10-10
GBA,Disney's Kim Possible 2: Drakken's Demise,108,Disney Interactive Studios,8.3,,2004-09-15
GBA,Yoshi Topsy-Turvy,109,Nintendo,,,2005-06-13
GBA,Cartoon Network Block Party / Cartoon Network Speedway Double Pack,110,Majesco,,,2005-04-25
GBA,Advance Wars 2: Black Hole Rising,111,Nintendo,8.8,,2003-06-24
GBA,Crash Bandicoot Purple: Ripto's Rampage,112,Vivendi Games,6.7,,2004-06-03
GBA,Nicktoons Collection: Game Boy Advance Video Volume 1,113,Majesco,,,2004-06-22
GBA,SpongeBob SquarePants: Game Boy Advance Video Volume 1,114,Majesco,,,2004-05-14
GBA,Konami Collector's Series: Arcade Advanced,115,Konami,8.0,,2002-03-21
GBA,Dogz,116,Ubisoft,4.1,,2005-11-17
GBA,The Urbz: Sims in the City,117,Electronic Arts,,,2004-11-09
GBA,2 Games in 1: Sonic Battle & ChuChu Rocket!,118,THQ,,,2005-11-16
GBA,Dora the Explorer: Super Spies,119,Gotham Games,,,2004-10-25
GBA,Texas Hold 'Em Poker,120,Majesco,,,2004-11-01
GBA,Final Fantasy IV Advance,121,Square Enix,8.6,,2005-12-12
GBA,Madden NFL 2003,122,EA Sports,,,2002-08-12
GBA,Harry Potter and the Goblet of Fire,123,Electronic Arts,6.0,,2005-11-08
GBA,Dragon Ball Z: Buu's Fury,124,Atari,5.9,,2004-09-14
GBA,Spider-Man: Mysterio's Menace,125,Activision,,,2001-09-19
GBA,Game & Watch Gallery 4,126,Nintendo,6.4,,2002-10-28
GBA,Tony Hawk's Underground,127,Activision,,,2003-10-27
GBA,Monster Trucks,128,Majesco,,,2004-11-16
GBA,Harvest Moon: Friends of Mineral Town,129,Natsume,7.6,,2003-11-17
GBA,Shrek 2: Beg for Mercy,130,Activision,,,2004-10-27
GBA,Tony Hawk's Pro Skater 4,131,Activision,,,2002-10-28
GBA,Spyro Orange: The Cortex Conspiracy,132,Vivendi Games,,,2004-06-03
GBA,The Incredible Hulk,133,Universal Interactive,6.0,,2003-05-27
GBA,Ms. Pac-Man Maze Madness,134,"Destination Software, Inc",,,2004-11-03
GBA,The Lord of the Rings: The Return of the King,135,Electronic Arts,7.4,,2003-11-05
GBA,Classic NES Series: Dr. Mario,136,Nintendo,,,2004-10-25
GBA,Yu-Gi-Oh! World Championship Tournament 2004,137,Konami,,,2004-02-10
GBA,Backyard NFL Football,138,Infogrames,,,2002-09-25
GBA,Barbie Groovy Games,139,Universal Interactive,3.0,,2002-09-04
GBA,Yu-Gi-Oh! Reshef of Destruction,140,Konami,,,2004-06-29
GBA,Mega Man Zero,141,Capcom,,,2002-09-09
GBA,SpongeBob SquarePants: SuperSponge,142,THQ,,,2001-11-05
GBA,Tak and the Power of Juju,143,THQ,,,2003-10-15
GBA,The Fairly Odd Parents: Breakin' Da Rules,144,THQ,,,2003-11-03
GBA,Mega Man Battle Network 2,145,Capcom,,,2002-06-17
GBA,Bratz: Rock Angelz,146,THQ,,,2005-01-01
GBA,SpongeBob SquarePants: Game Boy Advance Video Volume 2,147,Majesco,,,2004-05-14
GBA,Mario Tennis: Power Tour,148,Nintendo,,,2005-12-05
GBA,That's So Raven 2: Supernatural Style,149,Buena Vista,,,2005-08-21
GBA,Tony Hawk's Pro Skater 3,150,Activision,,,2002-03-04
GBA,Harry Potter and the Prisoner of Azkaban,151,Electronic Arts,7.0,,2004-05-25
GBA,"SpongeBob SquarePants: Lights, Camera, Pants!",152,THQ,,,2005-10-21
GBA,Disney's Kim Possible: Revenge of Monkey Fist,153,Disney Interactive Studios,5.0,,2002-11-13
GBA,Dragon Ball Z: Supersonic Warriors,154,Atari,7.1,,2004-06-22
GBA,The Adventures of Jimmy Neutron Boy Genius: Attack of the Twonkies,155,THQ,,,2004-09-13
GBA,Castlevania: Circle of the Moon,156,Konami,8.9,500000.0,2001-06-10
GBA,Tactics Ogre: The Knight of Lodis,157,Atlus,8.5,,2002-05-11
GBA,Tony Hawk's Underground 2,158,Activision,,,2004-10-04
GBA,Power Rangers: Dino Thunder,159,THQ,,,2004-09-22
GBA,Madagascar: Operation Penguin,160,Activision,,,2005-11-07
GBA,Need for Speed: Porsche Unleashed,161,"Destination Software, Inc",,,2004-03-15
GBA,Kouchuu Ouja Mushi King,162,Sega,,480000.0,2005-06-23
GBA,Midnight Club: Street Racing,163,"Destination Software, Inc",,,2001-11-14
GBA,Densetsu no Stafi,164,Nintendo,,,2002-09-06
GBA,Pirates of the Caribbean: Dead Man's Chest,165,Buena Vista,,,2006-06-27
GBA,Kong: The 8th Wonder of the World,166,Ubisoft,,,2005-11-21
GBA,Iridion 3D,167,Majesco,5.6,,2001-05-29
GBA,Classic NES Series: Pac-Man,168,Nintendo,5.7,,2004-06-02
GBA,Dragon Ball Z: Collectible Card Game,169,Infogrames,6.0,,2002-05-29
GBA,Disney's Kim Possible 3: Team Possible,170,Disney Interactive Studios,9.0,,2005-08-21
GBA,Stuart Little 2,171,Activision,,,2002-07-12
GBA,Tak 2: The Staff of Dreams,172,THQ,,,2004-10-11
GBA,Scooby-Doo,173,THQ,,,2001-11-15
GBA,Rugrats: Castle Capers,174,THQ,,,2001-09-24
GBA,Crash Nitro Kart,175,Vivendi Games,7.7,,2003-11-11
GBA,Mother 1+2,176,Nintendo,,,2003-06-20
GBA,2 Games in 1: SpongeBob SquarePants: SuperSponge & Rugrats Go Wild,177,THQ,,,2005-03-04
GBA,Yu-Gi-Oh! Destiny Board Traveler,178,Konami,,,2004-10-26
GBA,Pokémon Pinball: Ruby & Sapphire (JP weekly sales),179,Nintendo,,,2003-08-26
GBA,Tekken Advance,180,Namco,8.3,,2002-01-28
GBA,Hot Wheels: Stunt Track Challenge,181,THQ,5.3,,2004-11-10
GBA,Mario Golf: Advance Tour,182,Nintendo,,,2004-06-22
GBA,Densetsu no Stafi 2,183,Nintendo,,,2003-09-05
GBA,Scooby-Doo! Mystery Mayhem,184,THQ,,,2003-09-10
GBA,Battlebots: Design & Destroy,185,Majesco,4.0,,2003-08-31
GBA,Power Rangers: S.P.D.,186,THQ,,,2005-09-08
GBA,Classic NES Series: Metroid,187,Nintendo,,,2004-10-25
GBA,Need for Speed Underground 2,188,Electronic Arts,6.5,,2004-11-15
GBA,Nicktoons Unite!,189,THQ,,,2005-10-27
GBA,The Powerpuff Girls: Him and Seek,190,BAM! Entertainment,,,2002-10-29
GBA,Mega Man Zero 2,191,Capcom,,,2003-10-14
GBA,The Fairly Odd Parents: Game Boy Advance Video Volume 1,192,Majesco,,,2004-05-14
GBA,Backyard Baseball,193,Atari,,,2002-05-30
GBA,Mega Man Battle Network,194,Capcom,,,2001-10-30
GBA,Famicom Mini: Super Mario Bros. 2,195,Nintendo,,,2004-08-10
GBA,Yu-Gi-Oh! 7 Trials to Glory: World Championship Tournament 2005,196,Konami,,,2005-02-15
GBA,Star Wars Trilogy: Apprentice of the Force,197,Ubisoft,,,2004-09-21
GBA,Lemony Snicket's A Series of Unfortunate Events,198,Activision,,,2004-11-10
GBA,The Fairly Odd Parents: Game Boy Advance Video Volume 2,199,Majesco,,,2004-05-14
GBA,Jimmy Neutron: Boy Genius,200,THQ,,,2001-11-09
GBA,Dexter's Laboratory Deesaster Strikes,201,BAM! Entertainment,6.5,,2001-09-26
GBA,Scooby-Doo and the Cyber Chase,202,THQ,,,2001-12-31
GBA,Yu-Gi-Oh! The Eternal Duelist Soul (JP sales),203,Konami,,,2001-07-05
GBA,The Incredibles: Rise of the Underminer,204,THQ,,,2005-11-01
GBA,Rocket Power: Dream Scheme,205,THQ,,,2001-11-03
GBA,Mother 3,206,Nintendo,,,2006-04-20
GBA,Nicktoons: Freeze Frame Frenzy,207,THQ,,,2004-09-27
GBA,Disney's Brother Bear,208,THQ,,,2003-11-04
GBA,Fire Emblem: Fuuin no Tsurugi,209,Nintendo,,,2002-03-29
GBA,Madden NFL 2005,210,EA Sports,,,2004-08-09
GBA,The Sims 2,211,Electronic Arts,,,2005-10-24
GBA,Harry Potter: Quidditch World Cup,212,Electronic Arts,4.9,,2003-10-28
GBA,The Cat in the Hat,213,Jack of All Games,,,2005-04-26
GBA,Ice Age,214,Ubisoft,4.2,,2002-03-18
GBA,Disney's Lilo & Stitch 2: Hamsterveil Havoc,215,Buena Vista,,,2004-10-12
GBA,Barbie Horse Adventures: Blue Ribbon Race,216,Knowledge Adventure,,,2003-09-17
GBA,Slime MoriMori Dragon Quest: Shougeki No Shippo Dan,217,Square Enix,,,2003-11-14
GBA,Hamtaro: Ham-Ham Heartbreak,218,Nintendo,8.0,,2003-04-08
GBA,Cubix Robots for Everyone: Clash 'n' Bash,219,10TACLE Studios,,,2002-06-24
GBA,Shaun Palmer's Pro Snowboarder,220,Activision,,,2001-11-27
GBA,Hamster Club 3,221,Jorudan,,,2002-03-29
GBA,Super Robot Taisen A,222,Banpresto,,,2001-09-21
GBA,Backyard Baseball 2006,223,Atari,,,2005-03-16
GBA,Disney's Tarzan: Return to the Jungle,224,Activision,6.9,,2002-09-14
GBA,Star Wars: Flight of the Falcon,225,THQ,,,2003-11-18
GBA,The Adventures of Jimmy Neutron Boy Genius: Jet Fusion,226,THQ,5.5,,2003-09-24
GBA,Risk / Battleship / Clue,227,DSI Games,,,2005-08-21
GBA,The Wild Thornberrys Movie,228,THQ,,,2002-11-13
GBA,Classic NES Series: Ice Climber,229,Nintendo,,,2004-06-02
GBA,Driver 2 Advance,230,Atari,6.8,,2002-10-22
GBA,The Fairly Odd Parents: Shadow Showdown,231,THQ,,,2004-09-20
GBA,Herbie: Fully Loaded,232,Buena Vista,5.0,,2005-07-12
GBA,Banjo-Kazooie: Grunty's Revenge,233,THQ,6.6,,2003-09-10
GBA,Shrek SuperSlam,234,Activision,,,2005-10-25
GBA,Classic NES Series: Castlevania,235,Nintendo,7.4,,2004-10-25
GBA,GT Advance Championship Racing,236,THQ,7.5,,2001-06-08
GBA,Spy Kids 3-D: Game Over,237,Disney Interactive Studios,,,2003-06-30
GBA,Power Rangers: Ninja Storm,238,THQ,,,2003-09-05
GBA,Dr. Mario / Puzzle League,239,Nintendo,7.5,,2005-11-28
GBA,Teenage Mutant Ninja Turtles 2: Battle Nexus,240,Konami,,,2004-10-19
GBA,Fortress,241,Majesco,6.6,,2001-08-13
GBA,Cartoon Network Collection: Game Boy Advance Video Platinum Edition,242,Majesco,,,2005-04-15
GBA,SpongeBob SquarePants: Double Pack,243,THQ,,,2005-03-08
GBA,"Ed, Edd n Eddy: Jawbreakers!",244,BAM! Entertainment,5.0,,2002-09-15
GBA,Sega Smash Pack,245,THQ,,,2002-09-23
GBA,Madden NFL 2002,246,EA Sports,,,2001-11-20
GBA,Tales of Phantasia,247,Nintendo,7.0,310000.0,2006-03-06
GBA,Madden NFL 2004,248,EA Sports,,,2003-08-12
GBA,2 Games in 1: Disney's Brother Bear / The Lion King 1 1/2,249,THQ,,,2005-01-18
GBA,Mega Man Battle Network 2,250,Ubisoft,,,2002-10-18
DS,New Super Mario Bros.,1,Nintendo,9.1,30800000.0,2006-05-15
DS,Nintendogs,2,Nintendo,8.4,23960000.0,2005-08-23
DS,Mario Kart DS,3,Nintendo,9.1,23600000.0,2005-11-14
DS,Brain Age: Train Your Brain in Minutes a Day,4,Nintendo,8.1,19010000.0,2006-04-17
DS,Pokémon Diamond / Pearl Version,5,Nintendo,8.6,17670000.0,2007-04-28
DS,Pokémon Black / White Version,6,Nintendo,8.6,15640000.0,2011-03-06
DS,Brain Age 2: More Training in Minutes a Day,7,Nintendo,8.0,14880000.0,2007-08-20
DS,Pokémon Heart Gold / Soul Silver Version,8,Nintendo,8.6,12720000.0,2010-03-14
DS,Animal Crossing: Wild World,9,Nintendo,8.5,11750000.0,2005-12-05
DS,Super Mario 64 DS,10,Nintendo,8.6,11060000.0,2004-11-20
DS,Mario Party DS,11,Nintendo,7.1,9310000.0,2007-11-19
DS,Pokémon Black 2 and White 2,12,Nintendo,8.0,8520000.0,2012-10-07
DS,Pokémon Platinum Version,13,Nintendo,8.3,7600000.0,2009-03-22
DS,Big Brain Academy,14,Nintendo,7.7,6150000.0,2006-06-05
DS,Cooking Mama,15,Majesco,6.6,,2006-09-12
DS,Dragon Quest IX: Sentinels of the Starry Skies,16,Nintendo,8.6,5500000.0,2010-07-11
DS,Mario & Sonic at the Olympic Games,17,Sega,7.0,,2008-01-22
DS,Pokémon Mystery Dungeon: Explorers of Time / Darkness,18,Nintendo,6.4,4880000.0,2008-04-20
DS,LEGO Star Wars: The Complete Saga,19,LucasArts,7.8,,2007-11-06
DS,The Legend of Zelda: Phantom Hourglass,20,Nintendo,9.1,4760000.0,2007-10-02
DS,Mario & Luigi: Bowser's Inside Story,21,Nintendo,9.1,4560000.0,2009-09-14
DS,Professor Layton and the Curious Village,22,Nintendo,8.7,4490000.0,2008-02-10
DS,English Training: Have Fun Improving Your Skills!,23,Nintendo,,3910000.0,2006-10-27
DS,Professor Layton and the Diabolical Box,24,Nintendo,8.5,3880000.0,2009-08-24
DS,Tomodachi Collection,25,Nintendo,,3760000.0,2009-06-18
DS,MySims,26,Electronic Arts,6.7,,2007-09-18
DS,Cooking Mama 2: Dinner With Friends,27,Majesco,6.9,,2007-11-13
DS,Pokémon Mystery Dungeon: Blue Rescue Team,28,Nintendo,6.3,3490000.0,2006-09-18
DS,Mario & Sonic at the Olympic Winter Games,29,Sega,7.6,,2009-10-13
DS,Guitar Hero: On Tour,30,Activision,7.1,,2008-06-22
DS,Yoshi's Island DS,31,Nintendo,8.2,3360000.0,2006-11-13
DS,Flash Focus: Vision Training in Minutes a Day,32,Nintendo,6.1,3230000.0,2007-10-15
DS,Personal Trainer: Cooking,33,Nintendo,8.4,3180000.0,2008-11-24
DS,Club Penguin: Elite Penguin Force,34,Disney Interactive Studios,7.0,,2008-11-25
DS,LEGO Batman: The Videogame,35,Warner Bros. Interactive,7.8,,2008-09-23
DS,Rhythm Heaven,36,Nintendo,8.5,3040000.0,2009-04-05
DS,Professor Layton and the Unwound Future,37,Nintendo,8.4,3020000.0,2010-09-12
DS,Sonic Rush,38,Sega,7.8,3000000.0,2005-11-15
DS,Kirby Super Star Ultra,39,Nintendo,7.3,2990000.0,2008-09-22
DS,Style Savvy,40,Nintendo,7.6,2980000.0,2009-11-02
DS,Mario vs. Donkey Kong: Mini-Land Mayhem!,41,Nintendo,7.8,2980000.0,2010-11-14
DS,The Legend of Zelda: Spirit Tracks,42,Nintendo,8.7,2960000.0,2009-12-07
DS,Pokémon Ranger,43,Nintendo,6.6,2930000.0,2006-10-30
DS,Imagine: Babyz,44,Ubisoft,3.5,,2007-10-23
DS,Imagine: Fashion Designer,45,Ubisoft,3.0,,2007-10-23
DS,Tetris DS,46,Nintendo,8.5,2740000.0,2006-03-20
DS,Hannah Montana,47,Buena Vista,6.5,,2006-10-10
DS,Clubhouse Games,48,Nintendo,8.3,2570000.0,2006-10-09
DS,WarioWare Touched!,49,Nintendo,7.8,2470000.0,2005-02-14
DS,Pokémon Ranger: Shadows of Almia,50,Nintendo,6.7,2350000.0,2008-11-10
DS,Art Academy,51,Nintendo,6.8,2330000.0,2010-10-25
DS,Final Fantasy III,52,Square Enix,7.4,2300000.0,2006-11-14
DS,LEGO Harry Potter: Years 1-4,53,Warner Bros. Interactive,8.0,,2010-06-29
DS,Kirby Squeak Squad,54,Nintendo,7.3,2270000.0,2006-12-06
DS,LEGO Indiana Jones: The Original Adventures,55,LucasArts,,,2008-06-03
DS,High School Musical: Makin' the Cut!,56,Disney Interactive Studios,7.3,,2007-08-14
DS,Inazuma Eleven 3: Lightning Bolt / Bomb Blast / Team Ogre Attacks!,57,Level 5,,2150000.0,2010-07-01
DS,The Sims 2: Pets,58,Electronic Arts,4.8,,2006-10-31
DS,Professor Layton and the Last Specter,59,Nintendo,8.4,2060000.0,2011-10-17
DS,Toy Story 3: The Video Game,60,Disney Interactive Studios,,,2010-06-15
DS,Carnival Games,61,2K Play,,,2008-07-08
DS,Mario Hoops 3 on 3,62,Nintendo,7.1,2029999.9999999998,2006-09-11
DS,Dragon Quest Monsters: Joker 2,63,Nintendo,8.1,2000000.0,2011-09-19
DS,TouchMaster,64,Midway Games,6.9,,2007-06-25
DS,Inazuma Eleven 2: Blizzard / Firestorm,65,Level 5,,1960000.0,2009-10-09
DS,Dragon Quest Monsters: Joker,66,Square Enix,7.6,1900000.0,2007-11-06
DS,Sonic Classic Collection,67,Sega,7.5,,2010-03-02
DS,Phineas and Ferb,68,Disney Interactive Studios,,,2009-02-03
DS,Namco Museum DS,69,Namco Bandai,,1800000.0,2007-09-18
DS,Mario & Luigi: Partners in Time,70,Nintendo,8.8,1730000.0,2005-11-28
DS,Deal or No Deal,71,"Destination Software, Inc",,,2007-07-23
DS,Imagine: Teacher,72,Ubisoft,,,2008-08-12
DS,Kingdom Hearts 358/2 Days,73,Square Enix,7.5,1700000.0,2009-09-29
DS,Super Princess Peach,74,Nintendo,7.8,1700000.0,2006-02-27
DS,Dragon Quest VI: Realms of Revelation,75,Nintendo,7.6,1700000.0,2011-02-14
DS,Dragon Quest V: Hand of the Heavenly Bride,76,Square Enix,8.6,1700000.0,2009-02-17
DS,Ben 10: Protector of Earth,77,D3 Publisher,,,2007-10-30
DS,Cooking Mama 3: Shop & Chop,78,505 Games,,,2009-10-20
DS,Kanshuu Nippon Joushikiryoku Kentei Kyoukai: Imasara Hito ni wa Kikenai Otona no Joushikiryoku Training DS,79,Nintendo,,1680000.0,2006-10-26
DS,SpongeBob's Atlantis SquarePantis,80,THQ,,,2007-10-23
DS,Dragon Quest IV: Chapters of the Chosen,81,Square Enix,8.1,1600000.0,2008-09-16
DS,Diddy Kong Racing DS,82,Nintendo,5.1,1590000.0,2007-02-05
DS,Guitar Hero: On Tour Decades,83,Activision,,,2008-11-16
DS,Moshi Monsters: Moshling Zoo,84,Activision,,,2011-11-06
DS,High School Musical 3: Senior Year,85,Disney Interactive Studios,,,2008-10-21
DS,Hannah Montana: Music Jam,86,Disney Interactive Studios,,,2007-10-16
DS,MySims Kingdom,87,Electronic Arts,,,2008-10-28
DS,Practise English!,88,Nintendo,,1550000.0,2007-10-26
DS,Pokémon Ranger: Guardian Signs,89,Nintendo,6.5,1530000.0,2010-10-04
DS,Disney Fairies: Tinker Bell,90,Disney Interactive Studios,,,2008-10-28
DS,Mario vs. Donkey Kong 2: March of the Minis,91,Nintendo,7.7,1520000.0,2006-09-25
DS,The Simpsons Game,92,Electronic Arts,,,2007-10-30
DS,Sonic Colors,93,Sega,8.2,1500000.0,2010-11-16
DS,Pokémon Mystery Dungeon: Explorers of Sky,94,Nintendo,5.7,1490000.0,2009-10-12
DS,Bratz: Forever Diamondz,95,THQ,,,2006-09-18
DS,Drawn To Life: SpongeBob SquarePants Edition,96,THQ,,,2008-09-15
DS,LEGO Battles: Ninjago,97,Warner Bros. Interactive,5.0,,2011-04-12
DS,Tamagotchi Connection: Corner Shop,98,Bandai,,1480000.0,2006-01-31
DS,Imagine: Master Chef,99,Ubisoft,,,2007-10-23
DS,Super Scribblenauts,100,Warner Bros. Interactive,7.9,,2010-10-12
DS,Wall-E,101,THQ,,,2008-06-24
DS,My Word Coach,102,Ubisoft,,,2007-11-06
DS,Disney Princess: Magical Jewels,103,Disney Interactive Studios,,,2007-10-16
DS,Hello Kitty Party,104,Majesco,,,2009-11-23
DS,Bakugan: Battle Brawlers,105,Activision,6.4,,2009-10-20
DS,Personal Trainer: Math,106,Nintendo,,1370000.0,2009-01-12
DS,Gardening Mama,107,Majesco,6.6,,2009-03-31
DS,Grand Theft Auto: Chinatown Wars,108,Rockstar Games,9.5,,2009-03-17
DS,Petz Wild Animals: Dolphinz,109,Ubisoft,,,2007-10-16
DS,LEGO Battles,110,Warner Bros. Interactive,,,2009-06-10
DS,Imagine: Wedding Designer,111,Ubisoft,,,2008-11-04
DS,Kung Fu Panda,112,Activision,,,2008-06-03
DS,Ratatouille,113,THQ,7.0,,2007-06-26
DS,Cars 2,114,Disney Interactive Studios,6.5,,2011-06-21
DS,Transformers: Autobots / Decepticons,115,Activision,,,2007-06-19
DS,Kirby: Mass Attack,116,Nintendo,8.4,1220000.0,2011-09-19
DS,Final Fantasy IV,117,Square Enix,8.5,1200000.0,2008-07-21
DS,Sonic Rush Adventure,118,Sega,,1200000.0,2007-09-18
DS,LEGO Indiana Jones 2: The Adventure Continues,119,LucasArts,,,2009-11-17
DS,Mystery Case Files: MillionHeir,120,Nintendo,7.4,1180000.0,2008-09-08
DS,Inazuma Eleven 2: Kyoui no Shinryokusha - Fire / Blizzard,121,Level 5,,,2009-10-01
DS,High School Musical 2: Work This Out!,122,Disney Interactive Studios,,,2008-04-15
DS,Oshare Majo Love and Berry: DS Collection,123,Sega,,1120000.0,2006-11-22
DS,Plants vs. Zombies,124,PopCap Games,8.1,,2011-01-18
DS,LEGO Star Wars III: The Clone Wars,125,LucasArts,6.3,,2011-03-22
DS,Chrono Trigger,126,Square Enix,9.2,1100000.0,2008-11-25
DS,Super Monkey Ball: Touch & Roll,127,Sega,,1100000.0,2006-02-21
DS,Petz Dogz 2,128,Ubisoft,,,2007-11-14
DS,Tamagotchi Connection: Corner Shop 2,129,Namco Bandai,,1090000.0,2006-11-14
DS,Imagine: Babysitters,130,Ubisoft,,,2008-10-07
DS,Metroid Prime Hunters,131,Nintendo,8.4,1080000.0,2006-03-20
DS,LEGO Star Wars II: The Original Trilogy,132,LucasArts,4.9,,2006-09-12
DS,Imagine: Fashion Designer New York,133,Ubisoft,,,2008-10-13
DS,MySims Agents,134,Electronic Arts,,,2009-09-29
DS,Spore Creatures,135,Electronic Arts,7.2,,2008-09-07
DS,Call of Duty 4: Modern Warfare,136,Activision,7.3,,2007-11-05
DS,Dora the Explorer: Dora Saves the Mermaids,137,2K Play,,,2007-11-05
DS,Imagine: Animal Doctor,138,Ubisoft,,,2007-10-23
DS,Sonic & SEGA All-Stars Racing,139,Sega,8.3,,2010-02-23
DS,Final Fantasy XII: Revenant Wings,140,Square Enix,8.2,1040000.0,2007-11-20
DS,ZhuZhu Pets,141,Activision,,,2010-03-23
DS,Disney Fairies: Tinker Bell and the Lost Treasure,142,Disney Interactive Studios,,,2009-10-27
DS,Junior Brain Trainer,143,Take-Two Interactive,,,2009-11-03
DS,Pokémon Conquest,144,Nintendo,,,2012-06-18
DS,Petz: Catz 2,145,Ubisoft,,,2007-11-14
DS,Sekai no Gohan Shaberu! DS Oryouri Navi,146,Nintendo,,1010000.0,2008-12-04
DS,Scribblenauts,147,Warner Bros. Interactive,8.2,1000000.0,2009-09-15
DS,Apollo Justice: Ace Attorney,148,Capcom,8.0,,2008-02-19
DS,Puzzler Collection,149,Zoo Digital Publishing,,,2008-08-05
DS,Littlest Pet Shop: Winter,150,Electronic Arts,,,2008-10-14
DS,Zoo Tycoon DS,151,THQ,4.6,,2005-10-11
DS,Disney Tangled,152,Disney Interactive Studios,,,2010-11-23
DS,Cars,153,THQ,,,2006-06-06
DS,My Weight Loss Coach,154,Ubisoft,,,2008-06-24
DS,Mega Man Star Force Dragon / Leo / Pegasus,155,Capcom,,,2007-08-07
DS,Ben 10: Alien Force,156,D3 Publisher,,,2008-10-28
DS,The Sims 2,157,Electronic Arts,,,2005-10-24
DS,Kingdom Hearts Re:coded,158,Square Enix,6.8,,2011-01-11
DS,Monster High: Ghoul Spirit,159,THQ,,,2011-10-25
DS,Build-A-Bear Workshop,160,Game Factory,,,2007-11-05
DS,Phoenix Wright: Ace Attorney,161,Capcom,8.1,,2005-10-12
DS,LEGO Pirates of the Caribbean: The Video Game,162,Disney Interactive Studios,6.8,,2011-05-10
DS,TouchMaster 2,163,Midway Games,,,2008-10-21
DS,Call of Duty: World at War,164,Activision,7.4,,2008-11-10
DS,Fossil Fighters,165,Nintendo,6.9,,2009-08-10
DS,Star Wars: The Force Unleashed,166,LucasArts,,,2008-09-16
DS,Sonic Chronicles: The Dark Brotherhood,167,Sega,7.3,,2008-09-30
DS,Peppa Pig: The Game,168,Pinnacle,,,2008-11-28
DS,Wizards of Waverly Place,169,Disney Interactive Studios,,,2009-08-25
DS,FIFA Soccer 08,170,EA Sports,,,2007-10-09
DS,The Legendary Starfy,171,Nintendo,7.1,,2009-06-08
DS,Petz Dogz Fashion,172,Ubisoft,,,2008-06-17
DS,Harry Potter and the Order of the Phoenix,173,Electronic Arts,,,2007-06-25
DS,Scooby-Doo! First Frights,174,Warner Bros. Interactive,,,2009-09-22
DS,I Spy: Fun House,175,Scholastic Inc.,,,2007-08-29
DS,Imagine: Rock Star,176,Ubisoft,,,2008-06-17
DS,Disney's The Little Mermaid: Ariel's Undersea Adventure,177,Buena Vista,,,2006-10-02
DS,Battle of Giants: Dinosaurs,178,Ubisoft,,,2008-10-21
DS,Golden Sun: Dark Dawn,179,Nintendo,8.0,,2010-11-29
DS,Rayman Raving Rabbids 2,180,Ubisoft,,,2007-11-13
DS,Personal Trainer: Walking,181,Nintendo,,,2009-05-26
DS,Star Wars The Clone Wars: Jedi Alliance,182,LucasArts,,,2008-11-11
DS,Drawn to Life,183,THQ,,,2007-09-10
DS,Puzzler World,184,Atari,,,2009-12-08
DS,Tetris Party Deluxe,185,Majesco,,,2010-06-01
DS,Pokémon Dash,186,Nintendo,5.3,,2005-03-14
DS,My Baby Girl,187,SouthPeak Interactive,,,2008-11-04
DS,Spectrobes,188,Disney Interactive Studios,6.2,,2007-03-06
DS,Jump Ultimate Stars,189,Nintendo,,,2006-11-23
DS,Sega Superstars Tennis,190,Sega,6.2,,2008-03-18
DS,Madagascar: Escape 2 Africa,191,Activision,,,2008-11-04
DS,iCarly,192,Activision,,,2009-10-27
DS,My Little Pony: Pinkie Pie's Party,193,THQ,,,2008-09-22
DS,Harvest Moon DS: Island of Happiness,194,Natsume,,,2008-08-26
DS,Imagine: Interior Designer,195,Ubisoft,,,2008-11-04
DS,Rabbids Go Home,196,Ubisoft,8.8,,2009-11-03
DS,Kirby: Canvas Curse,197,Nintendo,8.9,,2005-06-13
DS,The Sims 2: Castaway,198,Electronic Arts,,,2007-10-22
DS,LEGO Batman 2: DC Super Heroes,199,Warner Bros. Interactive Entertainment,,,2012-06-26
DS,Ace Attorney Investigations: Miles Edgeworth,200,Capcom,7.7,,2010-02-16
DS,FIFA Soccer 11,201,EA Sports,7.0,,2010-09-28
DS,Hannah Montana: The Movie,202,Disney Interactive Studios,,,2009-04-07
DS,World of Zoo,203,THQ,,,2009-10-26
DS,The Sims 2: Apartment Pets,204,Electronic Arts,,,2008-08-26
DS,Lalaloopsy,205,Activision,,,2011-11-06
DS,LEGO Harry Potter: Years 5-7,206,Warner Bros. Interactive,,,2011-11-11
DS,Cars: Mater-National Championship,207,THQ,,,2007-10-29
DS,Final Fantasy Tactics A2: Grimoire of the Rift,208,Square Enix,8.1,670000.0,2008-06-24
DS,Zaidan Houjin Nippon Kanji Nouryoko Kentei Kyoukai Kounin: KanKen DS,209,Rocket Company,,,2006-09-28
DS,The Sims 3,210,Electronic Arts,7.5,,2010-10-26
DS,Fossil Fighters: Champions,211,Nintendo,,,2011-11-14
DS,100 Classic Books,212,Nintendo,4.0,,2010-06-14
DS,Final Fantasy Crystal Chronicles: Ring of Fates,213,Square Enix,7.7,,2008-03-11
DS,Zaidan Houjin Nippon Kanji Nouryoku Kentei Kyoukai Koushiki Soft: 200 Mannin no KanKen: Tokoton Kanji Nou,214,IE Institute,,,2006-11-09
DS,Zaidan Houjin Nippon Kanji Nouryoku Kentei Kyoukai Koushiki Soft: 200 Mannin no KanKen: Tokoton Kanji Nou,215,IE Institute,,,2006-11-09
DS,Hidden Objects: Mystery Stories,216,Navarre Corp,,,2010-07-20
DS,Peppa Pig: Fun and Games,217,Ubisoft,,,2010-03-26
DS,Club Penguin: Elite Penguin Force - Herbert's Revenge,218,Disney Interactive Studios,,,2010-05-25
DS,Wario: Master of Disguise,219,Nintendo,,,2007-03-05
DS,Crafting Mama,220,Majesco,,,2010-10-26
DS,Drawn to Life: The Next Chapter,221,THQ,7.4,,2009-10-27
DS,Paws & Claws: Pet Vet,222,THQ,,,2007-01-03
DS,Up,223,THQ,,,2009-05-26
DS,The Princess and the Frog,224,Disney Interactive Studios,,,2009-11-17
DS,Bolt,225,Disney Interactive Studios,,,2008-11-18
DS,Phoenix Wright: Ace Attorney - Trials and Tribulations,226,Capcom,7.9,,2007-10-23
DS,Harry Potter and the Half-Blood Prince,227,Electronic Arts,,,2009-06-30
DS,Battle of Giants: Dragons,228,Ubisoft,,,2009-09-29
DS,Dragon Quest Monsters: Joker 2 Professional,229,Square Enix,,,2011-03-31
DS,Advance Wars: Days of Ruin,230,Nintendo,8.4,,2008-01-21
DS,Ganbaru Watashi no Kakei Diary,231,Nintendo,,,2007-07-12
DS,Petz: Dogz Pack,232,Ubisoft,,,2008-11-04
DS,MySims Racing,233,Electronic Arts,,,2009-06-08
DS,Wipeout: The Game,234,Activision,,,2010-06-22
DS,The Golden Compass,235,Sega,,,2007-12-04
DS,Ni no Kuni: Dominion of the Dark Djinn,236,Level 5,,600000.0,2010-12-09
DS,Littlest Pet Shop: Garden,237,Electronic Arts,,,2008-10-14
DS,SimCity DS,238,Electronic Arts,,,2007-06-19
DS,Littlest Pet Shop: Jungle,239,Electronic Arts,,,2008-10-14
DS,Pokémon Trozei!,240,Nintendo,,,2006-03-06
DS,Spelling Challenges and more!,241,Crave Entertainment,,,2007-09-24
DS,Call of Duty: Black Ops,242,Activision,7.0,,2010-11-09
DS,WarioWare D.I.Y.,243,Nintendo,8.3,,2010-03-28
DS,Asphalt: Urban GT,244,Ubisoft,5.0,,2004-11-17
DS,FIFA Soccer 10,245,EA Sports,,,2009-10-20
DS,Meccha! Taiko no Tatsujin Master DS: 7-tsu no Shima no Daibouken,246,Namco Bandai,,580000.0,2008-04-24
DS,Final Fantasy: The 4 Heroes of Light,247,Square Enix,7.2,,2010-10-05
DS,My Secret World by Imagine,248,Ubisoft,,,2008-09-16
DS,Harvest Moon: The Tale of Two Towns,249,Natsume,6.3,,2011-09-20
DS,Mega Man Star Force 2: Zerker x Ninja / Saurian,250,Capcom,,,2008-06-24
3DS,Mario Kart 7,1,Nintendo,8.2,18990000.0,2011-12-04
3DS,Pokémon X/Y,2,Nintendo,8.9,16800000.0,2013-10-12
3DS,Pokémon Sun/Moon,3,Nintendo,9.0,16340000.0,2016-11-18
3DS,Pokémon Omega Ruby/Pokémon Alpha Sapphire,4,Nintendo,,14680000.0,2014-11-21
3DS,New Super Mario Bros. 2,5,Nintendo,7.5,13420000.0,2012-08-19
3DS,Animal Crossing: New Leaf,6,Nintendo,8.6,13070000.0,2013-06-09
3DS,Super Mario 3D Land,7,Nintendo,8.9,12890000.0,2011-11-13
3DS,Super Smash Bros. for 3DS,8,Nintendo,8.4,9650000.0,2014-10-03
3DS,Pokémon: Ultra Sun and Ultra Moon,9,Nintendo,8.1,9280000.0,2017-11-17
3DS,Yokai Watch 2: Bony Spirits / Fleshy Souls / Psychic Specters,10,Nintendo,,7300000.0,2016-09-30
3DS,Tomodachi Life,11,Nintendo,7.8,6730000.0,2014-06-06
3DS,Luigi's Mansion: Dark Moon,12,Nintendo,8.6,6480000.0,2013-03-24
3DS,The Legend of Zelda: Ocarina of Time 3D,13,Nintendo,9.3,6440000.0,2011-06-19
3DS,Nintendogs + cats,14,Nintendo,7.2,4690000.0,2011-03-27
3DS,Monster Hunter Generations,15,Capcom,8.8,4300000.0,2016-07-15
3DS,The Legend of Zelda: A Link Between Worlds,16,Nintendo,9.3,4240000.0,2013-11-22
3DS,Monster Hunter 4 Ultimate,17,Capcom,8.8,4200000.0,2015-02-13
3DS,Monster Hunter 4,18,Capcom,,4099999.9999999995,2013-09-14
3DS,Super Mario Maker,19,Nintendo,7.3,3790000.0,2016-12-02
3DS,Animal Crossing: Happy Home Designer,20,Nintendo,6.6,3510000.0,2015-09-25
3DS,The Legend of Zelda: Majora's Mask 3D,21,Nintendo,9.0,3460000.0,2015-02-13
3DS,Fire Emblem Fates,22,Nintendo,,3090000.0,2016-02-19
3DS,Bravely Default: Flying Fairy,23,Nintendo,8.2,3000000.0,2014-02-07
3DS,Yokai Watch,24,Nintendo,7.7,2970000.0,2015-11-06
3DS,Mario Party: Island Tour,25,Nintendo,5.5,2950000.0,2013-11-22
3DS,Donkey Kong Country Returns 3D,26,Nintendo,8.6,2940000.0,2013-05-24
3DS,Mario & Luigi: Dream Team,27,Nintendo,8.0,2700000.0,2013-08-11
3DS,Kirby: Triple Deluxe,28,Nintendo,7.8,2660000.0,2014-05-02
3DS,Monster Hunter 3G,29,Capcom,7.6,2600000.0,2013-03-19
3DS,Paper Mario: Sticker Star,30,Nintendo,,2490000.0,2012-11-11
3DS,Yokai Watch Blasters: Red Cat Corps / White Dog Squad,31,Nintendo,,2370000.0,2018-09-07
3DS,Fire Emblem: Awakening,32,Nintendo,9.0,2370000.0,2013-02-04
3DS,Yokai Watch 3: Sushi / Tempura / Sukiyaki,33,Level 5,,2210000.0,2016-07-16
3DS,Yoshi's New Island,34,Nintendo,,2060000.0,2014-03-14
3DS,LEGO City Undercover: The Chase Begins,35,Nintendo,6.2,2040000.0,2013-04-21
3DS,Dragon Quest XI,36,Square Enix,,,2017-07-29
3DS,Monster Hunter Double Cross,37,Capcom,,1800000.0,2017-03-18
3DS,Tomodachi Collection: New Life,38,Nintendo,,,2013-04-13
3DS,Pokémon Super Mystery Dungeon,39,Nintendo,7.7,1670000.0,2015-11-20
3DS,Kirby: Planet Robobot,40,Nintendo,7.7,1640000.0,2016-06-10
3DS,Dragon Quest VII: Fragments of the Forgotten Past,41,Nintendo,,1600000.0,2016-09-16
3DS,Mario Tennis Open,42,Nintendo,6.6,1580000.0,2012-05-20
3DS,Puzzle & Dragons,43,GungHo Online Entertainment,,1500000.0,2013-12-12
3DS,Puzzle & Dragons Z + Super Mario Bros. Edition,44,Nintendo,7.8,1500000.0,2015-05-22
3DS,Professor Layton and the Mask of Miracle,45,Nintendo,8.4,1480000.0,2012-10-28
3DS,Style Savvy: Trendsetters,46,Nintendo,,1440000.0,2012-10-22
3DS,Style Savvy: Fashion Forward,47,Nintendo,6.5,1410000.0,2016-08-19
3DS,Pokémon Rumble Blast,48,Nintendo,5.3,1400000.0,2011-10-24
3DS,Pokémon Mystery Dungeon: Gates to Infinity,49,Nintendo,5.9,1390000.0,2013-03-24
3DS,Kid Icarus: Uprising,50,Nintendo,8.0,1370000.0,2012-03-23
3DS,The Legend of Zelda: Tri Force Heroes,51,Nintendo,7.4,1360000.0,2015-10-23
3DS,Kingdom Hearts 3D: Dream Drop Distance,52,Square Enix,7.5,1300000.0,2012-07-31
3DS,Super Street Fighter IV: 3D Edition,53,Capcom,8.5,1300000.0,2011-03-27
3DS,Miitopia,54,Nintendo,6.6,1220000.0,2017-07-28
3DS,Mario & Sonic at the London 2012 Olympic Games,55,Sega,6.5,,2012-02-14
3DS,Dragon Quest VIII: Journey of the Cursed King,56,Nintendo,8.8,,2017-01-20
3DS,LEGO Star Wars III: The Clone Wars,57,LucasArts,6.7,,2011-03-27
3DS,Fantasy Life,58,Nintendo,6.9,1110000.0,2014-10-24
3DS,Mario & Luigi: Paper Jam,59,Nintendo,7.4,1080000.0,2016-01-22
3DS,Star Fox 64 3D,60,Nintendo,8.0,1070000.0,2011-09-09
3DS,Sonic Generations,61,Sega,6.3,,2011-11-22
3DS,Lego Marvel Super Heroes: Universe in Peril,62,Warner Bros. Interactive Entertainment,,,2013-10-22
3DS,Rhythm Heaven Megamix,63,Nintendo,8.8,1030000.0,2016-06-15
3DS,Fire Emblem Echoes: Shadows of Valentia,64,Nintendo,8.3,1000000.0,2017-05-19
3DS,Monster Strike 3DS,65,"mixi, Inc",,1000000.0,2015-12-17
3DS,PilotWings Resort,66,Nintendo,6.9,,2011-03-27
3DS,Harvest Moon 3D: A New Beginning,67,Natsume,8.2,,2012-11-06
3DS,Dragon Quest Monsters: Terry's Wonderland 3D,68,Square Enix,,900000.0,2012-05-31
3DS,Resident Evil: Revelations,69,Capcom,7.8,,2012-02-07
3DS,Mario Party: Star Rush,70,Nintendo,6.2,,2016-11-04
3DS,LEGO Batman 2: DC Super Heroes,71,Warner Bros. Interactive Entertainment,,,2012-06-26
3DS,LEGO Jurassic World,72,Warner Bros. Interactive Entertainment,,,2015-06-12
3DS,Professor Layton vs Ace Attorney,73,Nintendo,8.1,,2014-08-29
3DS,Yokai Watch 3: Sukiyaki,74,Nintendo,,,2019-02-02
3DS,Professor Layton and the Azran Legacy,75,Nintendo,8.0,,2014-02-28
3DS,Dragon Quest Monsters 2,76,Square Enix,,,2014-02-06
3DS,The Sims 3,77,Electronic Arts,5.6,,2011-03-27
3DS,The LEGO Movie Videogame,78,Warner Bros. Interactive Entertainment,,,2014-02-07
3DS,Mario & Sonic at the Rio 2016 Olympic Games,79,Nintendo,,,2016-03-18
3DS,Bravely Second: End Layer,80,Nintendo,7.4,700000.0,2016-04-15
3DS,Monster Hunter Stories,81,Capcom,8.1,,2017-09-08
3DS,Mario Party: The Top 100,82,Nintendo,5.0,,2017-11-10
3DS,Rune Factory 4,83,Xseed Games,,,2013-10-01
3DS,Frozen: Olaf's Quest,84,GameMill Entertainment,,,2013-11-12
3DS,Angry Birds Trilogy,85,Activision,,,2012-09-25
3DS,Dragon Quest Monsters Joker 3,86,Square Enix,,,2016-03-24
3DS,Rayman 3D,87,Ubisoft,6.3,,2011-03-22
3DS,Scribblenauts: Unlimited,88,Warner Bros. Interactive Entertainment,,,2012-11-13
3DS,LEGO Pirates of the Caribbean: The Video Game,89,Disney Interactive Studios,7.0,,2011-05-10
3DS,Cooking Mama 4: Kitchen Magic!,90,Majesco,,,2011-11-15
3DS,Tousouchuu: Shijou Saikyou no Hunter-Tachi Kara Nigekire!,91,Namco Bandai Games,,,2012-07-05
3DS,Shin Megami Tensei IV,92,Atlus,8.3,600000.0,2013-07-16
3DS,Final Fantasy Explorers,93,Square Enix,7.3,,2016-01-26
3DS,Skylanders: Spyro's Adventure,94,Activision,,,2011-10-16
3DS,Disney Magic World 2,95,Nintendo,7.5,,2016-10-14
3DS,Yokai Sangokushi,96,Level 5,,,2016-04-02
3DS,Xenoblade Chronicles,97,Nintendo,8.6,,2015-04-10
3DS,Metroid: Samus Returns,98,Nintendo,9.1,,2017-09-15
3DS,Layton's Mystery Journey: Katrielle and the Millionaire's Conspiracy,99,Level 5,,,2017-10-06
3DS,Inazuma Eleven GO: Dark / Shine,100,Level 5,,,2011-12-15
3DS,Poochy & Yoshi's Woolly World,101,Nintendo,7.5,,2017-02-03
3DS,Dragon Ball: Fusions,102,Namco Bandai Games,6.3,,2016-11-22
3DS,FIFA 15,103,EA Sports,,,2014-09-23
3DS,Run for Money Tousouchuu,104,Unknown,,520000.0,
3DS,Lego Batman 3: Beyond Gotham,105,Warner Bros. Interactive Entertainment,,,2014-11-11
3DS,Mario & Luigi Superstar Saga + Bowser's Minions,106,Nintendo,,,2017-10-06
3DS,Yokai Watch Busters 2: Hihou Densetsu Banbarayaa - Magnum / Sword,107,Level 5,,,2017-12-16
3DS,Shovel Knight,108,Yacht Club Games,,500000.0,2015-11-03
3DS,Disney Magic Castle: My Happy Life,109,Nintendo,7.9,500000.0,2014-04-11
3DS,Hometown Story,110,Natsume,5.5,,2013-10-22
3DS,Pokémon Art Academy,111,Nintendo,7.8,,2014-10-24
3DS,Epic Mickey: Power of Illusion,112,Disney Interactive Studios,6.6,,2012-11-18
3DS,Super Monkey Ball 3D,113,Sega,5.7,,2011-03-27
3DS,Steel Diver,114,Nintendo,5.6,,2011-03-27
3DS,Resident Evil: The Mercenaries 3D,115,Capcom,6.3,,2011-06-28
3DS,Story of Seasons: Trio of Towns,116,Marvelous Interactive,7.9,,2017-02-28
3DS,Mario Golf: World Tour,117,Nintendo,8.1,,2014-05-02
3DS,Asphalt 3D,118,Ubisoft,4.0,,2011-03-22
3DS,Hyrule Warriors Legends,119,Nintendo,,,2016-03-25
3DS,Sonic Lost World,120,Sega,5.2,,2013-10-29
3DS,Luigi's Mansion,121,Nintendo,7.3,,2018-10-12
3DS,Taiko no Tatsujin: Chibi Dragon to Fushigi na Orb,122,Namco Bandai Games,,470000.0,2012-07-12
3DS,Detective Pikachu,123,Nintendo,7.1,,2018-03-23
3DS,Inazuma Eleven Go: Chrono Stone - Wildfire / Thunderflash,124,Level 5,,,2012-12-13
3DS,Mario Sports Superstars,125,Nintendo,6.0,,2017-03-24
3DS,Attack on Titan: The Last Wings of Mankind,126,Spike Chunsoft,,,2013-12-05
3DS,Art Academy: Lessons for Everyone!,127,Nintendo,8.0,450000.0,2012-10-01
3DS,Style Savvy: Styling Star,128,Nintendo,8.5,,2017-12-25
3DS,Shin Megami Tensei: Devil Survivor Overclocked,129,Atlus,7.6,,2011-08-23
3DS,Hey! Pikmin,130,Nintendo,6.8,,2017-07-28
3DS,Tetris Axis,131,Nintendo,7.8,,2011-10-02
3DS,Story of Seasons,132,Xseed Games,7.7,,2015-03-31
3DS,Fossil Fighters: Frontier,133,Nintendo,,,2015-03-20
3DS,LEGO The Lord of the Rings,134,Warner Bros. Interactive Entertainment,,,2012-10-30
3DS,Madden NFL Football,135,EA Sports,4.5,,2011-03-22
3DS,LEGO Harry Potter: Years 5-7,136,Warner Bros. Interactive,,,2011-11-11
3DS,Theatrhythm Final Fantasy: Curtain Call,137,Square Enix,,,2014-09-16
3DS,Project X Zone,138,Namco Bandai Games,6.5,400000.0,2013-06-25
3DS,Momotaro Dentetsu 2017: Tachiagare Nippon!!,139,Nintendo,,,2016-12-22
3DS,Combat of Giants: Dinosaurs 3D,140,Ubisoft,4.3,,2011-03-22
3DS,FIFA Soccer 12,141,EA Sports,7.0,,2011-09-27
3DS,One Piece Unlimited World: Red,142,Namco Bandai Games,,,2014-07-08
3DS,Metal Gear Solid: Snake Eater 3D,143,Konami Digital Entertainment,7.9,,2012-02-21
3DS,Raving Rabbids: Travel in Time 3D,144,Ubisoft,5.8,,2011-04-10
3DS,Phoenix Wright: Ace Attorney - Dual Destinies,145,Unknown,8.1,,2014-01-01
3DS,Pro Evolution Soccer 2011 3D,146,Konami,7.5,,2011-03-25
3DS,Hatsune Miku: Project Mirai DX,147,Sega,7.5,,2015-09-08
3DS,Minecraft,148,Nintendo,6.7,,2017-11-10
3DS,Shin Megami Tensei IV: Apocalypse,149,Atlus,8.1,,2016-09-20
3DS,Sentouchu: Densetsu no Shinobi to Survival Battle!,150,Namco Bandai Games,,,2013-10-17
3DS,Harvest Moon: The Tale of Two Towns,151,Natsume,6.3,,2011-11-01
3DS,Disney Infinity,152,Disney Interactive Studios,,,2013-08-18
3DS,Dragon Ball Z: Extreme Butoden,153,Namco Bandai Games,5.0,,2015-10-20
3DS,Lego Legends of Chima: Laval's Journey,154,Warner Bros. Interactive Entertainment,,,2013-06-25
3DS,Angry Birds: Star Wars,155,Activision,,,2013-10-29
3DS,Tom Clancy's Ghost Recon: Shadow Wars,156,Ubisoft,7.9,,2011-03-22
3DS,Skylanders: Trap Team,157,Activision,,,2014-10-05
3DS,Dragon Ball Heroes: Ultimate Mission 2,158,Namco Bandai Games,,,2014-08-07
3DS,Ultimate NES Remix,159,Nintendo,7.0,,2014-12-05
3DS,Kirby: Battle Royale,160,Nintendo,6.0,,2018-01-19
3DS,Taiko Drum Master: Don and Katsu's Space-Time Great Adventure,161,Namco Bandai Games,,,2014-06-26
3DS,Chibi-Robo! Zip Lash,162,Nintendo,5.5,,2015-10-09
3DS,Puzzle & Dragons X: God Chapter / Dragon Chapter,163,GungHo Online Entertainment,,,2016-07-28
3DS,Bust-A-Move Universe,164,Square Enix,5.6,,2011-03-27
3DS,Dead or Alive: Dimensions,165,Tecmo Koei,7.8,310000.0,2011-05-24
3DS,LEGO Ninjago: Shadow of Ronin,166,Warner Bros. Interactive Entertainment,,,2015-03-24
3DS,Tom Clancy's Splinter Cell 3D,167,Ubisoft,8.0,,2011-04-10
3DS,LEGO Marvel's Avengers,168,Warner Bros. Interactive Entertainment,,,2016-01-26
3DS,Sonic & Sega All-Stars Racing Transformed,169,Sega,,,2013-02-12
3DS,FIFA 13,170,EA Sports,,,2012-09-25
3DS,Phoenix Wright: Ace Attorney: Spirit of Justice,171,Capcom,8.1,,2016-09-30
3DS,Sonic Boom: Shattered Crystal,172,Sega,3.8,,2014-11-11
3DS,The Legend of Legacy,173,Atlus,6.0,,2015-10-13
3DS,Dragon Ball Heroes: Ultimate Mission,174,Namco Bandai Games,,,2013-02-28
3DS,Ever Oasis,175,Nintendo,8.1,,2017-06-23
3DS,Culdcept,176,NIS America,,,2017-10-03
3DS,WarioWare Gold,177,Nintendo,8.1,,2018-08-03
3DS,Moshi Monsters: Moshlings Theme Park,178,Activision,,,2012-10-30
3DS,How to Train Your Dragon 2,179,Little Orbit,,,2014-06-10
3DS,Lego Star Wars: The Force Awakens,180,Warner Bros. Interactive Entertainment,,,2016-06-28
3DS,Etrian Mystery Dungeon,181,Atlus,7.6,,2015-04-07
3DS,Kobitodzukan: Kobito Kansatsu Set,182,Nippon Columbia,,,2012-07-26
3DS,Rhythm Thief & the Emperor's Treasure,183,Sega,7.5,,2012-07-10
3DS,Batman: Arkham Origins Blackgate,184,Warner Bros. Interactive Entertainment,7.0,,2013-10-25
3DS,Etrian Odyssey V: Beyond the Myth,185,Atlus,7.9,,2017-10-17
3DS,Brain Age: Concentration Training,186,Nintendo,7.5,,2013-02-10
3DS,Skylanders SWAP Force,187,Activision,7.7,,2013-10-13
3DS,The Snack World: TreJarers,188,Level 5,,,2017-08-10
3DS,Aikatsu! 2-nin no My Princess,189,Namco Bandai Games,,,2013-11-21
3DS,Etrian Odyssey: Millennium Girl,190,Atlus,8.1,,2013-10-01
3DS,Inazuma Eleven GO 3: Galaxy - Big Bang / Supernova,191,Level 5,,,2013-12-05
3DS,Stella Glow,192,Atlus,7.5,,2015-11-17
3DS,Mega Man Legacy Collection,193,Capcom,,,2016-02-23
3DS,Samurai Warriors Chronicles,194,Tecmo Koei,5.4,260000.0,2011-03-27
3DS,FIFA 14,195,EA Sports,,,2013-09-24
3DS,Zoo Resort 3D,196,Ubisoft,,,2011-10-25
3DS,Sonic Boom: Fire & Ice,197,Sega,6.9,,2016-09-27
3DS,LEGO The Hobbit,198,Warner Bros. Interactive Entertainment,7.0,,2014-04-08
3DS,Ace Combat: Assault Horizon Legacy,199,Namco Bandai,7.0,,2011-11-15
3DS,Spirit Camera: The Cursed Memoir,200,Nintendo,5.7,,2012-04-13
3DS,Persona Q: Shadow of the Labyrinth,201,Atlus,8.3,250000.0,2014-11-25
3DS,Azure Striker Gunvolt,202,Inti Creates,8.0,250000.0,2014-08-29
3DS,7th Dragon III Code: VFD,203,Sega,7.5,,2016-07-12
3DS,Dragon Ball Heroes: Ultimate Mission X,204,Namco Bandai Games,,,2017-04-27
3DS,Wipeout 2,205,Activision,,,2011-10-11
3DS,WWE All Stars,206,THQ,7.0,,2011-11-22
3DS,Harvest Moon: The Land of Origin,207,Marvelous,,,2012-02-23
3DS,Cars 2,208,Disney Interactive Studios,,,2011-11-01
3DS,Shinobi,209,Sega,7.0,,2011-11-15
3DS,Hatsune Miku: Project Mirai 2,210,Sega,,,2015-05-26
3DS,Pokémon Gold/Pokémon Silver,211,Nintendo,,,2017-09-22
3DS,Code Name: S.T.E.A.M.,212,Nintendo,8.0,,2015-03-13
3DS,Sumikko Gurashi: Mura o Tsukurundesu,213,Nippon Columbia,,,2016-07-21
3DS,Transformers: Dark of the Moon,214,Activision,3.0,,2011-06-14
3DS,Return to PopoloCrois: A Story of Seasons Fairytale,215,Xseed Games,7.0,,2016-03-01
3DS,WipeOut 3 The Game,216,Activision,,,2012-09-25
3DS,Magician's Quest: Town of Magic,217,Konami Digital Entertainment,,,2012-12-20
3DS,Radiant Historia: Perfect Chronology,218,Atlus,8.1,,2018-02-13
3DS,Frogger 3D,219,Konami,7.0,,2011-09-20
3DS,Tekken 3D: Prime Edition,220,Namco Bandai,6.5,,2012-02-14
3DS,One Piece Unlimited Cruise SP,221,Namco Bandai,,210000.0,
3DS,The Amazing Spider-Man (2012),222,Activision,7.0,,2012-06-26
3DS,LBX: Little Battlers eXperience,223,Nintendo,7.0,,2015-08-21
3DS,Dragon Quest Monsters: Joker 3 - Professional,224,Square Enix,,,2017-02-09
3DS,Disney Art Academy,225,Nintendo,,,2016-05-13
3DS,Code of Princess,226,Atlus,7.2,,2012-10-09
3DS,Skylanders: SuperChargers Racing,227,Activision,,,2015-09-20
3DS,Shin Megami Tensei: Strange Journey Redux,228,Atlus,,,2018-05-15
3DS,Aikatsu! Cinderella Lesson,229,Namco Bandai Games,,,2012-11-15
3DS,Nascar Unleashed,230,Activision,,,2011-11-01
3DS,Need for Speed: The Run,231,Electronic Arts,,,2011-11-15
3DS,Pac-Man & Galaga Dimensions,232,Namco Bandai,5.7,,2011-07-26
3DS,New Love Plus,233,Konami,,,2012-02-24
3DS,Pet Zombies,234,Majesco,,,2011-10-18
3DS,The Great Ace Attorney - The Adventures of Ryuunosuke Naruhodou,235,Capcom,,,2015-07-09
3DS,SpongeBob SquigglePants 3D,236,THQ,6.1,,2011-05-17
3DS,Kuma-Tomo,237,Namco Bandai Games,,,2013-06-20
3DS,Project X Zone 2,238,Namco Bandai Games,6.6,,2016-02-16
3DS,Captain Toad: Treasure Tracker,239,Nintendo,8.5,,2018-07-13
3DS,Transformers: Prime,240,Activision,,,2012-10-30
3DS,Reel Fishing Paradise 3D,241,Natsume,,,2011-06-28
3DS,Pro Evolution Soccer 2014,242,Konami Digital Entertainment,,,2013-11-14
3DS,Daigasso! Band Brothers P,243,Nintendo,,,2013-11-15
3DS,Hatsune Miku and Future Stars: Project Mirai,244,Sega,,,2012-03-08
3DS,Big Hero 6: Battle in the Bay,245,GameMill,,,2014-10-28
3DS,Super Robot Wars UX,246,Namco Bandai Games,,,2013-03-14
3DS,Senran Kagura 2: Deep Crimson,247,Marvelous Entertainment,,,2015-09-15
3DS,Sumikko Gurashi: Koko ga Ochitsukundesu,248,Nippon Columbia,,,2014-11-20
3DS,Pro Evolution Soccer 2013,249,Konami Digital Entertainment,,,2013-02-12
3DS,Yu-Gi-Oh! Zexal Clash! Duel Carnival!,250,Konami Digital Entertainment,,,2014-09-30
NS,Mario Kart 8 Deluxe,1,Nintendo,9.3,71080000.0,2017-04-28
NS,Animal Crossing: New Horizons,2,Nintendo,,49910000.0,2020-03-20
NS,Super Smash Bros. Ultimate,3,Nintendo,9.4,37760000.0,2018-12-07
NS,The Legend of Zelda: Breath of the Wild,4,Nintendo,9.9,33840000.0,2017-03-03
NS,Super Mario Odyssey,5,Nintendo,9.9,30500000.0,2017-10-27
NS,Pokémon Scarlet / Violet,6,Nintendo,,28280000.0,2022-11-18
NS,Pokémon Sword / Shield,7,Nintendo,,27160000.0,2019-11-15
NS,The Legend of Zelda: Tears of the Kingdom,8,Nintendo,,22560000.0,2023-05-12
NS,Super Mario Party,9,Nintendo,7.3,21320000.0,2018-10-05
NS,New Super Mario Bros. U Deluxe,10,Nintendo,,18960000.0,2019-01-11
NS,Nintendo Switch Sports,11,Nintendo,,18320000.0,2022-04-29
NS,Super Mario Bros. Wonder,12,Nintendo,,17440000.0,2023-10-20
NS,Ring Fit Adventure,13,Nintendo,,15380000.0,2019-10-18
NS,"Pokémon: Let's Go, Pikachu/Eevee",14,Nintendo,,15070000.0,2018-11-16
NS,Pokémon Brilliant Diamond / Shining Pearl,15,Nintendo,,15060000.0,2021-11-19
NS,Pokémon Legends: Arceus,16,Nintendo,,14830000.0,2022-01-28
NS,Luigi's Mansion 3,17,Nintendo,,14250000.0,2019-10-31
NS,Mario Party Superstars,18,Nintendo,,14000000.0,2021-10-29
NS,Splatoon 2,19,Nintendo,8.2,13600000.0,2017-07-21
NS,Super Mario 3D World + Bowser's Fury,20,Nintendo,,13470000.0,2021-02-12
NS,Splatoon 3,21,Nintendo,,11960000.0,2022-09-09
NS,Super Mario Party Jamboree,22,Nintendo,,9960000.0,2024-10-17
NS,Super Mario 3D All-Stars,23,Nintendo,,9070000.0,2020-09-18
NS,Pokémon Legends Z-A,24,Nintendo,,8850000.0,2025-10-16
NS,Super Mario Maker 2,25,Nintendo,,8420000.0,2019-06-28
NS,Stardew Valley,26,Chucklefish,9.0,7900000.0,2017-10-05
NS,Monster Hunter Rise,27,Capcom,,7700000.0,2021-03-26
NS,Kirby and the Forgotten Land,28,Nintendo,,7520000.0,2022-03-25
NS,The Legend of Zelda: Link's Awakening,29,Nintendo,,6460000.0,2019-09-20
NS,Clubhouse Games: 51 Worldwide Classics,30,Nintendo,,4640000.0,2020-06-05
NS,Donkey Kong Country: Tropical Freeze,31,Nintendo,9.1,4620000.0,2018-05-04
NS,Mario Tennis Aces,32,Nintendo,7.8,4500000.0,2018-06-22
NS,Kirby Star Allies,33,Nintendo,8.1,4380000.0,2018-03-16
NS,The Legend of Zelda: Skyward Sword HD,34,Nintendo,,4150000.0000000005,2021-07-16
NS,Fire Emblem: Three Houses,35,Nintendo,,4120000.0,2019-07-26
NS,The Legend of Zelda: Echoes of Wisdom,36,Nintendo,,4090000.0,2024-09-26
NS,"Momotaro Dentetsu: Showa, Heisei, Reiwa Mo Teiban!",37,Konami,,4000000.0,2020-11-19
NS,Hyrule Warriors: Age of Calamity,38,Nintendo,9.0,4000000.0,2020-11-20
NS,Pokémon FireRed Version / LeafGreen Version,39,Nintendo,,4000000.0,2026-02-27
NS,Tomodachi Life: Living the Dream,40,Nintendo,,3800000.0,2026-04-16
NS,1-2-Switch,41,Nintendo,5.7,3740000.0,2017-03-03
NS,Pikmin 4,42,Nintendo,,3480000.0,2023-07-21
NS,Paper Mario: The Origami King,43,Nintendo,,3470000.0,2020-07-17
NS,Yoshi's Crafted World,44,Nintendo,7.8,3350000.0,2019-03-29
NS,Super Mario RPG,45,Nintendo,,3310000.0,2023-11-17
NS,Metroid Dread,46,Nintendo,,3040000.0,2021-10-08
NS,Super Mario Galaxy 2,47,Nintendo,,2760000.0,2025-10-02
NS,ARMS,48,Nintendo,7.9,2720000.0,2017-06-16
NS,Xenoblade Chronicles 2,49,Nintendo,8.2,2700000.0,2017-12-01
NS,Super Mario Galaxy,50,Nintendo,,2600000.0,2025-10-02
NS,Mario Strikers: Battle League,51,Nintendo,,2540000.0,2022-06-10
NS,Mario Golf: Super Rush,52,Nintendo,,2480000.0,2021-06-25
NS,Dragon Ball FighterZ,53,Bandai Namco Entertainment,9.0,2430000.0,2018-09-28
NS,New Pokémon Snap,54,Nintendo,,2400000.0,2021-04-30
NS,Pikmin 3 Deluxe,55,Nintendo,,2400000.0,2020-10-30
NS,Captain Toad: Treasure Tracker,56,Nintendo,8.1,2350000.0,2018-07-13
NS,Taiko no Tatsujin: Drum 'n' Fun!,57,Bandai Namco Games,7.5,2240000.0,2018-11-02
NS,Paper Mario: The Thousand-Year Door,58,Nintendo,,2100000.0,2024-05-23
NS,Mario + Rabbids: Kingdom Battle,59,Ubisoft,8.3,2000000.0,2017-08-29
NS,Pokémon Mystery Dungeon: Rescue Team DX,60,Nintendo,,1990000.0,2020-03-06
NS,Mario & Luigi: Brothership,61,Nintendo,,1970000.0,2024-11-07
NS,Big Brain Academy: Brain vs. Brain,62,Nintendo,,1940000.0,2021-12-03
NS,Octopath Traveler,63,Nintendo,8.1,1900000.0,2018-07-13
NS,Minecraft,64,Mojang,9.2,,2018-06-21
NS,Xenoblade Chronicles: Definitive Edition,65,Nintendo,,1880000.0,2020-05-29
NS,Luigi's Mansion 2 HD,66,Nintendo,,1880000.0,2024-06-27
NS,Xenoblade Chronicles 3,67,Nintendo,,1860000.0,2022-07-29
NS,Dragon Ball: Xenoverse 2,68,Namco Bandai Games,8.0,1820000.0,2017-09-22
NS,Miitopia,69,Nintendo,,1790000.0,2021-05-21
NS,Mario Kart Live: Home Circuit,70,Nintendo,,1730000.0,2020-10-16
NS,Fire Emblem Engage,71,Nintendo,,1610000.0,2023-01-20
NS,Resident Evil: Revelations Collection,72,Capcom,,1600000.0,2017-11-28
NS,Marvel Ultimate Alliance 3: The Black Order,73,Nintendo,,1600000.0,2019-07-19
NS,Momotaro Dentetsu World: Chikyuu wa Kibou de Mawatteru!,74,Konami,,1500000.0,2023-11-16
NS,Kirby's Return to Dream Land Deluxe,75,Nintendo,,1460000.0,2023-02-24
NS,Nintendo Labo: Toy-Con 01 Variety Kit,76,Nintendo,7.7,1420000.0,2018-04-20
NS,The Witcher 3: Complete Edition,77,CD Projekt Red Studio,,1400000.0,2019-10-15
NS,WarioWare: Get It Together!,78,Nintendo,,1340000.0,2021-09-10
NS,Astral Chain,79,Nintendo,,1330000.0,2019-08-30
NS,Dragon's Dogma: Dark Arisen,80,Capcom,,1300000.0,2019-04-23
NS,Princess Peach: Showtime!,81,Nintendo,,1300000.0,2023-03-22
NS,Dr Kawashima's Brain Training for Nintendo Switch,82,Nintendo,,1270000.0,2020-01-03
NS,Donkey Kong Country Returns HD,83,Nintendo,,1270000.0,2025-01-16
NS,Naruto Shippuden: Ultimate Ninja Storm Trilogy,84,Bandai Namco Entertainment,7.5,1260000.0,2018-04-26
NS,Bayonetta,85,Nintendo,,1240000.0,2018-02-16
NS,Bayonetta 2,86,Nintendo,9.5,1230000.0,2018-02-16
NS,Resident Evil 6,87,Capcom,,1200000.0,2019-10-29
NS,Pokken Tournament DX,88,Nintendo,8.0,1160000.0,2017-09-22
NS,The Elder Scrolls V: Skyrim,89,Bethesda Softworks,8.6,,2017-11-17
NS,Game Builder Garage,90,Nintendo,,1150000.0,2021-06-11
NS,Dark Souls: Remastered,91,Bandai Namco Entertainment,8.8,1150000.0,2018-10-19
NS,Mario vs. Donkey Kong,92,Nintendo,,1120000.0,2024-02-16
NS,Crash Bandicoot N. Sane Trilogy,93,Activision,6.0,,2018-06-29
NS,Resident Evil 4,94,Capcom,,1100000.0,2019-05-21
NS,Shin Megami Tensei V,95,Sega,,1100000.0,2021-11-11
NS,FIFA 18,96,EA Sports,5.8,,2017-09-29
NS,Metroid Prime Remastered,97,Nintendo,,1090000.0,2023-02-08
NS,Bayonetta 3,98,Nintendo,,1070000.0,2022-10-28
NS,Fire Emblem Warriors: Three Hopes,99,Nintendo,,1000000.0,2022-06-24
NS,Dragon Quest Monsters: The Dark Prince,100,Square Enix,,1000000.0,2023-12-01
NS,Story of Seasons: Pioneers of Olive Town,101,Marvelous,,1000000.0,2021-03-26
NS,Puyo Puyo Tetris,102,Sega,8.3,1000000.0,2017-04-25
NS,Fitness Boxing 2: Rhythm & Exercise,103,Nintendo,,1000000.0,2020-12-04
NS,Fitness Boxing,104,Nintendo,7.0,1000000.0,2019-01-04
NS,Thief Simulator,105,Forever Entertainment S.A.,,1000000.0,2019-05-16
NS,Enter the Gungeon,106,Devolver Digital,,1000000.0,2017-12-14
NS,Bravely Default II,107,Nintendo,,950000.0,2021-02-26
NS,Mario & Sonic at the Tokyo 2020 Olympic Games,108,Sega,,900000.0,2019-11-05
NS,Super Bomberman R,109,Konami Digital Entertainment,6.3,,2017-03-03
NS,Triangle Strategy,110,Nintendo,,800000.0,2022-03-04
NS,Just Dance 2019,111,Ubisoft,,,2018-10-23
NS,Just Dance 2018,112,Ubisoft,8.0,,2017-10-24
NS,FIFA 19,113,Electronic Arts,5.9,,2018-09-28
NS,Sonic Forces,114,Sega,5.4,,2017-11-07
NS,Monster Hunter Generations Ultimate,115,Capcom,7.7,,2018-08-28
NS,Fortnite,116,Warner Bros. Interactive Entertainment,8.5,,2018-11-16
NS,Rayman Legends,117,Ubisoft,4.5,,2017-09-12
NS,Diablo III: Eternal Collection,118,Blizzard Entertainment,9.0,,2018-11-02
NS,LEGO Marvel Super Heroes 2,119,Warner Bros. Interactive Entertainment,,,2017-11-14
NS,LEGO City Undercover,120,Warner Bros. Interactive Entertainment,8.0,,2017-04-04
NS,LEGO The Incredibles,121,Warner Bros. Interactive Entertainment,6.5,,2018-06-15
NS,LEGO Worlds,122,Warner Bros. Interactive Entertainment,5.0,,2017-09-05
NS,Ultra Street Fighter II: The Final Challengers,123,Capcom,7.0,,2017-05-26
NS,Starlink: Battle for Atlas,124,Ubisoft,7.5,,2018-10-16
NS,Fire Emblem Warriors,125,Nintendo,7.3,,2017-10-20
NS,Rune Factory 5,126,Marvelous Entertainment,,500000.0,2022-03-22
NS,Live A Live,127,Nintendo,,500000.0,2022-07-22
NS,Fishing Spirits,128,Bandai Namco Games,,500000.0,2019-07-25
NS,Sonic Mania,129,Sega,8.8,,2017-08-15
NS,Minecraft: Story Mode - The Complete Adventure,130,Telltale Games,,,2017-08-22
NS,Hyrule Warriors: Definitive Edition,131,Nintendo,8.0,,2018-05-18
NS,L.A. Noire,132,Rockstar Games,7.9,,2017-11-14
NS,LEGO DC Super-Villains,133,Warner Bros. Interactive Entertainment,7.8,,2018-10-16
NS,NBA 2K18,134,2K Sports,7.5,,2017-09-19
NS,Doom (2016),135,Bethesda Softworks,8.2,,2017-11-10
NS,Nintendo Labo: Toy-Con 03 Vehicle Kit,136,Nintendo,7.0,,2018-09-14
NS,Rocket League,137,505 Games,9.2,,2018-01-16
NS,The Lego Ninjago Movie Videogame,138,Warner Bros. Interactive Entertainment,,,2017-09-22
NS,Go Vacation,139,Nintendo,,,2018-07-27
NS,Shovel Knight,140,Yacht Club Games,9.0,370000.0,2019-04-09
NS,Nintendo Labo: Toy-Con 02 Robot Kit,141,Nintendo,7.0,,2018-04-20
NS,Mega Man 11,142,Capcom,8.0,,2018-10-02
NS,LEGO Harry Potter Collection,143,Warner Bros. Interactive Entertainment,,,2018-10-30
NS,Cars 3: Driven to Win,144,Warner Bros. Interactive Entertainment,,,2017-06-13
NS,Warriors Orochi 4,145,Koei Tecmo,8.5,310000.0,2018-10-16
NS,Monopoly for Nintendo Switch,146,Ubisoft,5.3,,2017-10-31
NS,NBA 2K19,147,2K Sports,,,2018-09-11
NS,Bloodstained: Curse of the Moon,148,Inti Creates,,300000.0,2018-05-24
NS,Master Detective Archives: Rain Code,149,Spike Chunsoft,,300000.0,2023-06-30
NS,Just Dance 2017,150,Ubisoft,6.5,,2017-03-03
NS,Overcooked! 2,151,Sold Out,8.4,,2018-08-07
NS,The Binding of Isaac: Afterbirth+,152,Nicalis,9.0,,2017-03-17
NS,Carnival Games,153,2K Games,,,2018-11-06
NS,The World Ends with You: Final Remix,154,Nintendo,7.4,,2018-10-12
NS,My Hero One's Justice,155,Bandai Namco Entertainment,,,2018-10-26
NS,Mega Man Legacy Collection 1+2,156,Capcom,8.5,,2018-05-22
NS,Sid Meier's Civilization VI,157,2K Games,9.4,,2018-11-16
NS,Hollow Knight,158,Team Cherry,,250000.0,2018-06-12
NS,Kamiko,159,Flyhigh Works,,250000.0,2017-04-27
NS,Hello Neighbor,160,Gearbox Software,,,2018-07-27
NS,WWE 2K18,161,2K Sports,,,2017-12-05
NS,Attack on Titan 2,162,Koei Tecmo,7.0,,2018-03-20
NS,Skylanders Imaginators,163,Activision,6.9,,2017-03-03
NS,Dragon Quest Builders: Revive Alefgard,164,Square Enix,8.0,,2018-02-09
NS,Fate/Extella: The Umbral Star,165,Xseed Games,8.0,,2017-07-25
NS,Disgaea 5 Complete,166,NIS America,9.0,200000.0,2017-05-23
NS,Shiren the Wanderer: The Mystery Dungeon of Serpentcoil Island,167,Spike Chunsoft,,200000.0,2024-02-27
NS,Valkyria Chronicles 4,168,Sega,8.6,,2018-09-25
NS,Street Fighter 30th Anniversary Collection,169,Capcom,8.5,,2018-05-29
NS,Sega Genesis Classics,170,Sega,,,2018-12-07
NS,Bendy and the Ink Machine,171,Rooster Teeth Games,,,2018-11-20
NS,Katamari Damacy Reroll,172,Bandai Namco Entertainment,8.8,,2018-12-07
NS,Axiom Verge,173,Thomas Happ Games,7.5,,2017-11-21
NS,Sports Party,174,Ubisoft,,,2018-10-30
NS,Harvest Moon: Light of Hope,175,Natsume,,,2018-05-29
NS,Xenoblade Chronicles 2: Torna ~ The Golden Country,176,Nintendo,7.5,,2018-09-21
NS,Cave Story+,177,Nicalis,,,2017-06-20
NS,Moonlighter,178,Merge Games,8.3,150000.0,2018-11-09
NS,Hatsune Miku: Project Diva MegaMix,179,Sega,,150000.0,2020-05-15
NS,RiME,180,Grey Box,4.5,,2017-11-21
NS,Gear.Club Unlimited,181,Microids,6.1,,2017-11-21
NS,Has-Been Heroes,182,GameTrust,4.8,,2017-03-28
NS,Dragon Quest Builders 2,183,Square Enix,,,2019-07-12
NS,South Park: The Fractured But Whole,184,Ubisoft,9.5,,2018-04-24
NS,NBA 2K Playgrounds 2,185,2K Games,,,2018-11-09
NS,Nickelodeon Kart Racers,186,GameMill Entertainment,2.0,,2018-10-23
NS,R.B.I. Baseball 18,187,MLB Advanced Media,,,2018-03-20
NS,Goosebumps: The Game,188,GameMill Entertainment,,,2018-10-09
NS,Paw Patrol on a Roll,189,Outright Games,,,2018-10-23
NS,Little Dragons Café,190,Aksys Games,7.0,,2018-08-24
NS,Farming Simulator 17,191,Focus Home Interactive,,,2017-11-07
NS,Shantae: Half-Genie Hero,192,Xseed Games,,,2018-05-08
NS,Batman: A Telltale Game Series,193,Telltale Games,,,2017-11-14
NS,"Snipperclips Plus: Cut It Out, Together!",194,Nintendo,8.2,,2017-03-03
NS,Pro Yakyuu Famista Evolution,195,Bandai Namco Games,,,2018-08-02
NS,The Snack World: Trejarers Gold,196,Level 5,,,2020-02-14
NS,Payday 2,197,505 Games,5.0,,2018-02-27
NS,Party Planet,198,Mastiff,,,2017-12-12
NS,Dead Cells,199,Merge Games,9.3,,2018-08-15
NS,Namco Museum Arcade Pac,200,Bandai Namco Entertainment,7.8,,2018-09-28
NS,Wolfenstein II: The New Colossus,201,Bethesda Softworks,8.3,,2018-06-29
NS,Overcooked Special Edition,202,Team 17,8.4,,2018-02-13
NS,Ys VIII: Lacrimosa of Dana,203,NIS America,8.5,,2018-06-26
NS,Troll and I,204,Maximum Games,,,2017-08-15
NS,Sumikko Gurashi: Sumikko Park e Youkoso,205,Nippon Columbia,,,2017-12-07
NS,Dragon Quest Heroes I & II for Nintendo Switch,206,Square Enix,,,2017-03-03
NS,Mutant Football League: Dynasty Edition,207,Nighthawk Interactive,,,2018-10-30
NS,Shining Resonance Refrain,208,Sega,,,2018-07-10
NS,MXGP 3: The Official Motocross Videogame,209,Milestone S.r.l.,,,2017-11-17
NS,Cartoon Network: Battle Crashers,210,GameMill Entertainment,,,2017-10-31
NS,Ben 10 (2017),211,Outright Games,,,2017-11-14
NS,R.B.I. Baseball 2017,212,MLB.com,,,2017-09-05
NS,Monster Jam: Crush It,213,GameMill,,,2017-10-31
NS,ARK: Survival Evolved,214,Studio Wildcard,4.0,,2018-11-30
NS,Seiken Densetsu Collection,215,Square Enix,,,2017-06-01
NS,Bass Pro Shops: The Strike - Championship Edition,216,Planet Entertainment,,,2018-11-09
NS,Poi,217,Polykid,5.0,,2017-02-01
NS,One Piece: Unlimited World Red Deluxe Edition,218,Namco Bandai Games,,,2017-09-29
NS,Wild Guns Reloaded,219,Natsume,,,2018-04-17
NS,Cabela's The Hunt: Championship Edition Bundle,220,Planet Entertainment,,,2018-11-09
NS,Sushi Striker: The Way of Sushido,221,Nintendo,7.9,,2018-06-08
NS,Hello Neighbor: Hide & Seek,222,Gearbox Software,,,2018-12-07
NS,BlazBlue: Cross Tag Battle,223,Arc System Works,8.0,,2018-06-05
NS,Scribblenauts: Showdown,224,Warner Bros. Interactive,,,2018-03-06
NS,Nights of Azure 2: Bride of the New Moon,225,Tecmo Koei,,,2017-10-24
NS,America's Greatest Game Shows: Wheel of Fortune and Jeopardy!,226,Ubisoft,,,2018-10-30
NS,Ittle Dew 2+,227,Nicalis,,,2017-11-14
NS,Touhou Kobuto V: Burst Battle,228,NIS America,,,2017-10-10
NS,Victor Vran: Overkill Edition,229,Wired Productions,,,2018-08-28
NS,Stern Pinball Arcade,230,Alliance Digital Media,,,2017-12-12
NS,Asterix and Obelix XXL2,231,Microids,6.5,,2018-11-29
NS,Disgaea 1 Complete,232,NIS America,8.0,,2018-10-09
NS,Azure Striker Gunvolt: Striker Pack,233,Nighthawk Interactive,,,2017-11-21
NS,Spintires: MudRunner - American Wilds,234,Maximum Games,,,2018-10-23
NS,Portal Knights,235,505 Games,,,2018-02-13
NS,One Piece: Pirate Warriors 3 - Deluxe Edition,236,Bandai Namco Entertainment,8.5,,2018-05-11
NS,Party Arcade,237,Planet Entertainment,,,2018-11-09
NS,The End is Nigh,238,Nicalis,,,2017-12-12
NS,Tiny Barbarian DX,239,Nicalis,,,2017-10-10
NS,Owlboy,240,Soedesco,9.0,,2018-05-29
NS,Little Nightmares,241,Bandai Namco Entertainment,,,2018-05-18
NS,Scribblenauts Mega Pack,242,Warner Bros. Interactive Entertainment,,,2018-09-18
NS,Brawlout,243,Merge Games,6.2,50000.0,2018-06-26
NS,VOEZ,244,PM Studios,8.5,50000.0,2018-08-14
NS,Senran Kagura Reflexions,245,Xseed Games,,50000.0,2018-09-13
NS,My Riding Stables: Life with Horses,246,TREVA Entertainment,,,2018-11-13
NS,Toki Collector's Edition,247,Microids,,,2018-11-22
NS,I am Setsuna,248,Square Enix,7.0,,2017-03-03
NS,Battle Chasers: Nightwar,249,THQ Nordic,8.5,,2018-05-15
NS,Wonder Boy: The Dragon's Trap (Remake),250,DotEmu,7.4,,2017-04-18
